# Alias OBJ Model File
# Exported from SketchUp, (c) 2000-2012 Trimble Navigation Limited
# File units = meters

mtllib hostess1.mtl

g Mesh1 monitor2_1 Model

usemtl Color_M03
v 0.268689 1.32635 -1.61998
vt 0 15.2105
vn 0 0 -1
v 0.478689 0.94 -1.61998
vt -8.26772 0
v 0.268689 0.94 -1.61998
vt 0 0
f 1/1/1 2/2/1 3/3/1

vt 14.6533 13.3639
vn 0.878597 0.477565 -0
v 0.287792 1.2912 -1.57998
vt 13.0785 11.7891
vt 14.6533 -3.94837
f 1/4/2 4/5/2 2/6/2

v 0.287792 1.2912 -1.28779
vt 1.5748 11.7891
f 1/4/2 5/7/2 4/5/2

v 0.268689 1.32635 -1.25779
vt 0.393701 13.3639
f 6/8/2 5/7/2 1/4/2

v 0.396646 1.09094 -1.28779
vt 1.5748 2.8152
f 5/7/2 6/8/2 7/9/2

v 0.478689 0.94 -1.25779
vt 0.393701 -3.94837
f 8/10/2 7/9/2 6/8/2

f 7/9/2 8/10/2 2/6/2

v 0.268689 0.94 -1.25779
vt 0 0.393701
vn 0 -1 -0
v 0.196416 0.94 -1.25779
vt 2.84541 0.393701
v 0.189889 0.94 -1.25821
vt 3.10235 0.410542
v 0.183475 0.94 -1.25949
vt 3.35489 0.460776
v 0.177281 0.94 -1.26159
vt 3.59872 0.543544
v 0.171416 0.94 -1.26448
vt 3.82966 0.65743
v 0.165978 0.94 -1.26812
vt 4.04376 0.800486
v 0.16106 0.94 -1.27243
vt 4.23735 0.970262
v 0.156748 0.94 -1.27735
vt 4.40713 1.16386
v 0.153114 0.94 -1.28279
vt 4.55018 1.37795
v 0.150222 0.94 -1.28865
vt 4.66407 1.60889
v 0.148119 0.94 -1.29485
vt 4.74684 1.85272
v 0.146843 0.94 -1.30126
vt 4.79707 2.10526
v 0.146416 0.94 -1.30779
vt 4.81391 2.3622
v 0.146416 0.94 -1.61998
vt 4.81391 14.6533
vt 0 14.6533
vt -8.26772 14.6533
vt -8.26772 0.393701
f 9/11/3 10/12/3 11/13/3 12/14/3 13/15/3 14/16/3 15/17/3 16/18/3 17/19/3 18/20/3 19/21/3 20/22/3 21/23/3 22/24/3 23/25/3 3/26/3 2/27/3 8/28/3 

v 0.196416 1.32635 -1.25779
vt -2.84541 15.2105
vn 0 0 1
vt -2.84541 0
f 24/29/4 10/30/4 9/3/4 6/1/4 

v 0.189889 1.32635 -1.25821
vt -3.12256 15.2105
vn -0.0654031 -5.98554e-20 0.997859
vt -3.12256 -1.23757e-20
vt -2.86507 -1.23757e-20
vt -2.86507 15.2105
f 25/31/5 11/32/5 10/33/5 24/34/5 

v 0.183475 1.32635 -1.25949
vt -3.38032 15.2105
vn -0.19509 -1.70157e-30 0.980785
vt -3.38032 3.44713e-31
vt -3.12283 3.44713e-31
vt -3.12283 15.2105
f 26/35/6 12/36/6 11/37/6 25/38/6 

v 0.177281 1.32635 -1.26159
vt -3.58245 15.2105
vn -0.321439 0 0.94693
vt -3.58245 0
vt -3.32496 0
vt -3.32496 15.2105
f 27/39/7 13/40/7 12/41/7 26/42/7 

v 0.171416 1.32635 -1.26448
vt -3.72549 15.2105
vn -0.442289 4.27433e-19 0.896873
vt -3.72549 -4.71964e-19
vt -3.468 -4.71964e-19
vt -3.468 15.2105
f 28/43/8 14/44/8 13/45/8 27/46/8 

v 0.165978 1.32635 -1.26812
vt -3.80699 15.2105
vn -0.55557 3.98998e-19 0.83147
vt -3.80699 -6.3082e-19
vt -3.54949 -6.3082e-19
vt -3.54949 15.2105
f 29/47/9 15/48/9 14/49/9 28/50/9 

vt -3.56805 -2.67246e-30
vn -0.659346 1.29455e-30 0.75184
vt -3.56805 15.2105
v 0.16106 1.32635 -1.27243
vt -3.82555 15.2105
vt -3.82555 -2.67246e-30
f 15/51/10 29/52/10 30/53/10 16/54/10 

v 0.146416 1.32635 -1.61998
vt -4.81391 14.6533
vn 0 1 -0
v 0.146416 1.32635 -1.30779
vt -4.81391 2.3622
v 0.146843 1.32635 -1.30126
vt -4.79707 2.10526
v 0.148119 1.32635 -1.29485
vt -4.74684 1.85272
v 0.150222 1.32635 -1.28865
vt -4.66407 1.60889
v 0.153114 1.32635 -1.28279
vt -4.55018 1.37795
v 0.156748 1.32635 -1.27735
vt -4.40713 1.16386
vt -4.23735 0.970262
vt -4.04376 0.800486
vt -3.82966 0.65743
vt -3.59872 0.543544
vt -3.35489 0.460776
vt -3.10235 0.410542
vt -2.84541 0.393701
f 31/55/11 32/56/11 33/57/11 34/58/11 35/59/11 36/60/11 37/61/11 30/62/11 29/63/11 28/64/11 27/65/11 26/66/11 25/67/11 24/68/11 6/11/11 1/26/11 

vt -2.3622 0
vn -1 0 -5.78093e-16
vt -2.3622 15.2105
vt -14.6533 15.2105
vt -14.6533 0
f 22/69/12 32/70/12 31/71/12 23/72/12 

vt -2.4145 1.26545e-31
vn -0.997859 -2.72191e-32 0.0654031
vt -2.4145 15.2105
vt -2.67199 15.2105
vt -2.67199 1.26545e-31
f 21/73/13 33/74/13 32/75/13 22/76/13 

vt -3.00067 15.2105
vn -0.980785 -9.36181e-20 0.19509
vt -3.00067 4.02013e-19
vt -2.74318 4.02013e-19
vt -2.74318 15.2105
f 33/77/14 21/78/14 20/79/14 34/80/14 

vt -3.28022 15.2105
vn -0.94693 2.27202e-19 0.321439
vt -3.28022 -8.85948e-19
vt -3.02272 -8.85948e-19
vt -3.02272 15.2105
f 34/81/15 20/82/15 19/83/15 35/84/15 

vt -3.50584 15.2105
vn -0.896873 -2.12241e-19 0.442289
vt -3.50584 7.36792e-19
vt -3.24834 7.36792e-19
vt -3.24834 15.2105
f 35/85/16 19/86/16 18/87/16 36/88/16 

vt -3.67367 15.2105
vn -0.83147 -9.47212e-31 0.55557
vt -3.67367 2.85848e-30
vt -3.41618 2.85848e-30
vt -3.41618 15.2105
f 36/89/17 18/90/17 17/91/17 37/92/17 

vt -3.78085 15.2105
vn -0.75184 3.60786e-19 0.659346
vt -3.78085 -9.18586e-19
vt -3.52336 -9.18586e-19
vt -3.52336 15.2105
f 37/93/18 17/94/18 16/95/18 30/96/18 

vt 4.81391 15.2105
vt 4.81391 0
f 31/97/1 1/1/1 3/3/1 23/98/1 

vt 8.26772 0
f 6/1/4 9/3/4 8/99/4

v 0.396646 1.09094 -1.57998
vt 13.0785 2.8152
f 7/9/2 2/6/2 38/100/2

f 38/100/2 2/6/2 4/5/2

vt 5.03768 5.94245
vn 1.17799e-30 6.40301e-31 1
vt 0.75207 13.8269
v 0.199932 1.24345 -1.57998
vt -2.70697 11.9467
v 0.308786 1.04318 -1.57998
vt 1.57863 4.06227
f 38/101/19 4/102/19 39/103/19 40/104/19 

vt 13.0785 7.26399
vn 0.477565 -0.878597 -0
vt 1.5748 7.26399
v 0.199932 1.24345 -1.28779
vt 1.5748 3.32698
vt 13.0785 3.32698
f 4/105/20 5/106/20 41/107/20 39/108/20 

vt -0.75207 13.8269
vn -1.17799e-30 -6.40301e-31 -1
vt -5.03768 5.94245
v 0.308786 1.04318 -1.28779
vt -1.57863 4.06227
vt 2.70697 11.9467
f 5/109/21 7/110/21 42/111/21 41/112/21 

vt -1.5748 7.26399
vn -0.477565 0.878597 -0
vt -13.0785 7.26399
vt -13.0785 3.32698
vt -1.5748 3.32698
f 7/113/22 38/114/22 40/115/22 42/116/22 

usemtl Color_M09
vn 0.878597 0.477565 -1.34076e-30
f 41/7/23 42/9/23 40/100/23 39/5/23 

g Mesh2 monitor2_1 Model

usemtl Color_M03
v 0.144101 0.94 -2.00275
vt -29.7231 -3.55271e-14
vn -1 0 -0
v 0.144101 0.94 -1.61575
vt -14.4869 7.10543e-15
v 0.144101 1.327 -1.61575
vt -14.4869 15.2362
v 0.144101 1.3259 -1.63259
vt -15.1498 15.1928
v 0.144101 1.3226 -1.64914
vt -15.8014 15.0632
v 0.144101 1.31718 -1.66512
vt -16.4305 14.8496
v 0.144101 1.30972 -1.68025
vt -17.0263 14.5558
v 0.144101 1.30034 -1.69428
vt -17.5787 14.1867
v 0.144101 1.28922 -1.70697
vt -18.0781 13.7487
v 0.144101 1.27653 -1.7181
vt -18.5162 13.2492
v 0.144101 1.2625 -1.72747
vt -18.8852 12.6969
v 0.144101 1.24737 -1.73493
vt -19.1791 12.101
v 0.144101 1.23139 -1.74036
vt -19.3926 11.472
v 0.144101 1.21484 -1.74365
vt -19.5222 10.8204
v 0.144101 1.198 -1.74475
vt -19.5657 10.1575
v 0.144101 1.18116 -1.74586
vt -19.6091 9.49457
v 0.144101 1.16461 -1.74915
vt -19.7387 8.84301
v 0.144101 1.14863 -1.75457
vt -19.9523 8.21393
v 0.144101 1.1335 -1.76204
vt -20.2461 7.61811
v 0.144101 1.11947 -1.77141
vt -20.6152 7.06574
v 0.144101 1.10678 -1.78254
vt -21.0532 6.56627
v 0.144101 1.09566 -1.79522
vt -21.5527 6.12824
v 0.144101 1.08628 -1.80925
vt -22.105 5.75916
v 0.144101 1.07882 -1.82439
vt -22.7009 5.46534
v 0.144101 1.0734 -1.84037
vt -23.3299 5.25179
v 0.144101 1.0701 -1.85692
vt -23.9815 5.12219
v 0.144101 1.069 -1.87375
vt -24.6444 5.07874
v 0.144101 1.0679 -1.89059
vt -25.3073 5.03529
v 0.144101 1.0646 -1.90714
vt -25.9589 4.90569
v 0.144101 1.05918 -1.92312
vt -26.588 4.69214
v 0.144101 1.05172 -1.93825
vt -27.1838 4.39832
v 0.144101 1.04234 -1.95228
vt -27.7361 4.02924
v 0.144101 1.03122 -1.96497
vt -28.2356 3.59121
v 0.144101 1.01853 -1.9761
vt -28.6736 3.09174
v 0.144101 1.0045 -1.98547
vt -29.0427 2.53937
v 0.144101 0.989366 -1.99293
vt -29.3365 1.94355
v 0.144101 0.973388 -1.99836
vt -29.5501 1.31447
v 0.144101 0.956838 -2.00165
vt -29.6797 0.662909
f 43/117/24 44/118/24 45/119/24 46/120/24 47/121/24 48/122/24 49/123/24 50/124/24 51/125/24 52/126/24 53/127/24 54/128/24 55/129/24 56/130/24 57/131/24 58/132/24 59/133/24 60/134/24 61/135/24 62/136/24 63/137/24 64/138/24 65/139/24 66/140/24 67/141/24 68/142/24 69/143/24 70/144/24 71/145/24 72/146/24 73/147/24 74/148/24 75/149/24 76/150/24 77/151/24 78/152/24 79/153/24 80/154/24 

g Mesh3 Teddy1 Model

usemtl Teddy_BookCover
v -0.141395 0.942216 -3.23261
vt -0.230083 37.0951
vn 0.999994 -1.4054e-14 0.00341184
v -0.1414 0.941281 -3.23106
vt -0.291032 37.0583
v -0.14141 0.940997 -3.22804
vt -0.409974 37.0471
v -0.141418 0.941109 -3.2259
vt -0.494197 37.0515
v -0.141425 0.941407 -3.22378
vt -0.577711 37.0633
v -0.141432 0.94189 -3.22169
vt -0.659876 37.0823
v -0.141439 0.942555 -3.21965
vt -0.740057 37.1084
v -0.141446 0.943395 -3.21768
vt -0.81764 37.1415
v -0.141452 0.944404 -3.21579
vt -0.892027 37.1813
v -0.141458 0.945575 -3.214
vt -0.962647 37.2274
v -0.141512 0.950456 -3.19814
vt -1.58704 37.4195
v -0.141523 0.949521 -3.19494
vt -1.71323 37.3827
v -0.141533 0.948444 -3.19216
vt -1.8225 37.3403
v -0.141538 0.945523 -3.19059
vt -1.88424 37.2253
v -0.141524 0.944593 -3.19479
vt -1.71895 37.1887
v -0.141381 0.935289 -3.23677
vt -0.066354 36.8224
v -0.141359 0.939035 -3.2432
vt 0.186816 36.9699
v -0.141245 1.08259 -3.27647
vt 1.49697 42.6215
v -0.141204 1.0769 -3.28841
vt 1.96691 42.3978
v -0.141164 1.07126 -3.30028
vt 2.43432 42.1754
v -0.141159 1.07826 -3.30181
vt 2.4944 42.4513
v -0.141173 1.08442 -3.29763
vt 2.32978 42.6937
v -0.141269 1.09577 -3.26957
vt 1.22498 43.1405
v -0.14182 1.11473 -3.10784
vt -5.14241 43.8871
v -0.141844 1.11553 -3.10104
vt -5.41001 43.9184
v -0.141851 1.1158 -3.09873
vt -5.50086 43.9291
v -0.141856 1.11568 -3.09753
vt -5.54822 43.9243
v -0.141859 1.11506 -3.09649
vt -5.58912 43.8999
v -0.141861 1.11406 -3.09581
vt -5.61593 43.8606
v -0.141864 1.11207 -3.09501
vt -5.64724 43.7823
v -0.141856 1.10531 -3.09747
vt -5.55063 43.5161
v -0.141843 1.09252 -3.10133
vt -5.39837 43.0125
v -0.141816 1.06698 -3.10906
vt -5.09437 42.0069
v -0.141725 1.01407 -3.13577
vt -4.04277 39.924
v -0.14166 0.994522 -3.15472
vt -3.29652 39.1544
v -0.141614 0.983636 -3.16833
vt -2.76089 38.7258
v -0.141581 0.980458 -3.17805
vt -2.37785 38.6007
v -0.141548 0.976795 -3.18761
vt -2.00159 38.4565
v -0.141516 0.972655 -3.19697
vt -1.63306 38.2935
v -0.141485 0.96805 -3.20611
vt -1.27321 38.1122
v -0.141455 0.962991 -3.21501
vt -0.922929 37.913
v -0.141425 0.95749 -3.22364
vt -0.583118 37.6965
v -0.141397 0.951562 -3.23198
vt -0.254633 37.4631
v -0.141392 0.950366 -3.23334
vt -0.201229 37.416
v -0.141389 0.948811 -3.23426
vt -0.164896 37.3548
v -0.141388 0.947047 -3.23466
vt -0.149155 37.2853
v -0.141388 0.945246 -3.2345
vt -0.155532 37.2144
v -0.141391 0.943581 -3.23379
vt -0.183409 37.1489
f 81/155/25 82/156/25 83/157/25 84/158/25 85/159/25 86/160/25 87/161/25 88/162/25 89/163/25 90/164/25 91/165/25 92/166/25 93/167/25 94/168/25 95/169/25 96/170/25 97/171/25 98/172/25 99/173/25 100/174/25 101/175/25 102/176/25 103/177/25 104/178/25 105/179/25 106/180/25 107/181/25 108/182/25 109/183/25 110/184/25 111/185/25 112/186/25 113/187/25 114/188/25 115/189/25 116/190/25 117/191/25 118/192/25 119/193/25 120/194/25 121/195/25 122/196/25 123/197/25 124/198/25 125/199/25 126/200/25 127/201/25 128/202/25 

usemtl Teddy_Skin_
v -0.141793 0.954482 -3.11595
vt -4.82291 37.578
vn 0.999994 -8.0373e-15 0.00341184
v -0.141787 0.952117 -3.11751
vt -4.76169 37.4849
v -0.141764 0.941851 -3.12425
vt -4.49597 37.0807
v -0.141714 0.920213 -3.13897
vt -3.91656 36.2288
v -0.141704 0.916325 -3.14206
vt -3.795 36.0758
v -0.141691 0.912934 -3.14569
vt -3.65221 35.9423
v -0.141677 0.910114 -3.14977
vt -3.49132 35.8313
v -0.141662 0.907927 -3.15423
vt -3.31583 35.7452
v -0.141646 0.906421 -3.15896
vt -3.12957 35.6859
v -0.141629 0.905627 -3.16386
vt -2.93661 35.6546
v -0.141612 0.905565 -3.16883
vt -2.74116 35.6521
v -0.141605 0.905865 -3.17103
vt -2.65423 35.664
v -0.141596 0.906234 -3.17375
vt -2.54747 35.6785
v -0.141588 0.906699 -3.17594
vt -2.46114 35.6968
v -0.141573 0.911166 -3.18021
vt -2.29279 35.8727
v -0.141566 0.910265 -3.18242
vt -2.20612 35.8372
v -0.141558 0.909731 -3.18473
vt -2.11486 35.8162
v -0.14155 0.909577 -3.18711
vt -2.02141 35.8101
v -0.141542 0.909807 -3.18948
vt -1.9282 35.8192
v -0.141534 0.910416 -3.19178
vt -1.83767 35.8432
v -0.141527 0.911388 -3.19395
vt -1.75218 35.8814
v -0.14152 0.912696 -3.19593
vt -1.67398 35.9329
v -0.141514 0.914308 -3.19768
vt -1.6051 35.9964
v -0.141469 0.912984 -3.21087
vt -1.08576 35.9442
v -0.141438 0.912064 -3.21979
vt -0.734622 35.908
v -0.141395 0.917861 -3.23261
vt -0.229927 36.1362
v -0.141382 0.925654 -3.23646
vt -0.0784943 36.4431
v -0.141427 0.928074 -3.22305
vt -0.606543 36.5383
v -0.141507 0.933407 -3.19963
vt -1.52822 36.7483
v -0.141517 0.934684 -3.19667
vt -1.64482 36.7986
v -0.141526 0.937166 -3.19421
vt -1.74167 36.8963
v -0.141532 0.938913 -3.19248
vt -1.80982 36.9651
v -0.141538 0.942933 -3.19054
vt -1.88637 37.1233
v -0.141862 1.09376 -3.09553
vt -5.62693 43.0615
v -0.141883 1.09423 -3.08961
vt -5.85999 43.0798
v -0.141903 1.0939 -3.08368
vt -6.0934 43.0669
v -0.141923 1.09278 -3.07785
vt -6.32302 43.023
v -0.141942 1.09091 -3.07222
vt -6.54478 42.949
v -0.14196 1.08829 -3.06688
vt -6.75472 42.8462
v -0.141977 1.085 -3.06194
vt -6.94913 42.7164
v -0.141992 1.08107 -3.05749
vt -7.12454 42.5618
v -0.142005 1.07659 -3.0536
vt -7.27786 42.3854
v -0.142017 1.07163 -3.05033
vt -7.40634 42.1901
v -0.142025 1.06628 -3.04776
vt -7.50771 41.9794
v -0.142032 1.06063 -3.04592
vt -7.58016 41.7572
v -0.142027 1.0589 -3.0473
vt -7.52563 41.6889
v -0.14195 1.02464 -3.06982
vt -6.63895 40.3402
v -0.141813 0.963361 -3.11011
vt -5.05275 37.9276
v -0.14181 0.962175 -3.11089
vt -5.02205 37.8809
f 129/203/26 130/204/26 131/205/26 132/206/26 133/207/26 134/208/26 135/209/26 136/210/26 137/211/26 138/212/26 139/213/26 140/214/26 141/215/26 142/216/26 143/217/26 144/218/26 145/219/26 146/220/26 147/221/26 148/222/26 149/223/26 150/224/26 151/225/26 152/226/26 153/227/26 154/228/26 155/229/26 156/230/26 157/231/26 158/232/26 159/233/26 160/234/26 161/235/26 94/168/26 93/167/26 92/166/26 91/165/26 90/164/26 89/163/26 88/162/26 87/161/26 86/160/26 85/159/26 84/158/26 83/157/26 82/156/26 81/155/26 128/202/26 127/201/26 126/200/26 125/199/26 124/198/26 123/197/26 122/196/26 121/195/26 120/194/26 119/193/26 118/192/26 117/191/26 116/190/26 115/189/26 114/188/26 113/187/26 112/186/26 162/236/26 163/237/26 164/238/26 165/239/26 166/240/26 167/241/26 168/242/26 169/243/26 170/244/26 171/245/26 172/246/26 173/247/26 174/248/26 175/249/26 176/250/26 177/251/26 

usemtl Teddy_BookJacket
v -0.14197 0.967176 -3.06391
vt -6.87158 38.0778
vn 0.999994 -7.88721e-13 0.00341184
v -0.14197 0.965564 -3.06391
vt -6.87158 38.0143
v -0.141966 0.96405 -3.06512
vt -6.824 37.9547
v -0.14191 0.960315 -3.08152
vt -6.17861 37.8077
v -0.141958 0.966315 -3.06745
vt -6.73253 38.0439
v -0.141967 0.970109 -3.065
vt -6.82888 38.1933
f 178/252/27 179/253/27 180/254/27 181/255/27 130/204/27 129/203/27 182/256/27 183/257/27 

usemtl Teddy_Dress
vn 0.999994 -4.32363e-16 0.00341184
f 181/255/28 131/205/28 130/204/28

v -0.141903 0.926552 -3.0835
vt -6.10057 36.4784
f 184/258/28 131/205/28 181/255/28

f 184/258/28 132/206/28 131/205/28

v -0.141904 0.91902 -3.0832
vt -6.11239 36.1819
f 185/259/28 132/206/28 184/258/28

f 185/259/28 133/207/28 132/206/28

f 185/259/28 134/208/28 133/207/28

v -0.141905 0.910693 -3.08298
vt -6.12099 35.8541
f 186/260/28 134/208/28 185/259/28

f 186/260/28 135/209/28 134/208/28

f 186/260/28 136/210/28 135/209/28

f 186/260/28 137/211/28 136/210/28

f 186/260/28 138/212/28 137/211/28

v -0.141906 0.902364 -3.08285
vt -6.12602 35.5262
f 187/261/28 138/212/28 186/260/28

f 138/212/28 187/261/28 139/213/28

v -0.141596 0.901319 -3.17371
vt -2.54904 35.485
f 187/261/28 188/262/28 139/213/28

v -0.140626 0.89803 -3.45793
vt 8.6409 35.3555
f 187/261/28 189/263/28 188/262/28

v -0.141906 0.894035 -3.08281
vt -6.12747 35.1982
f 190/264/28 189/263/28 187/261/28

v -0.140628 0.893203 -3.45742
vt 8.62101 35.1655
f 190/264/28 191/265/28 189/263/28

v -0.140629 0.886731 -3.4569
vt 8.60042 34.9107
f 190/264/28 192/266/28 191/265/28

v -0.141906 0.885705 -3.08287
vt -6.12534 34.8703
f 193/267/28 192/266/28 190/264/28

v -0.140632 0.880104 -3.45615
vt 8.57086 34.6498
f 193/267/28 194/268/28 192/266/28

v -0.141905 0.879692 -3.08297
vt -6.12123 34.6336
f 195/269/28 194/268/28 193/267/28

v -0.141905 0.877377 -3.08301
vt -6.11964 34.5424
f 196/270/28 194/268/28 195/269/28

v -0.140634 0.873614 -3.45567
vt 8.552 34.3943
f 196/270/28 197/271/28 194/268/28

v -0.141904 0.869051 -3.08325
vt -6.11037 34.2146
f 198/272/28 197/271/28 196/270/28

v -0.140635 0.867516 -3.4552
vt 8.53336 34.1542
f 198/272/28 199/273/28 197/271/28

v -0.140637 0.861979 -3.45468
vt 8.51286 33.9362
f 198/272/28 200/274/28 199/273/28

v -0.141903 0.860727 -3.08358
vt -6.09752 33.8869
f 201/275/28 200/274/28 198/272/28

v -0.140639 0.856468 -3.45413
vt 8.49138 33.7192
f 201/275/28 202/276/28 200/274/28

v -0.141902 0.852408 -3.08399
vt -6.0811 33.5594
f 203/277/28 202/276/28 201/275/28

v -0.14064 0.850939 -3.45376
vt 8.47675 33.5016
f 203/277/28 204/278/28 202/276/28

v -0.140643 0.845445 -3.45279
vt 8.43868 33.2852
f 203/277/28 205/279/28 204/278/28

v -0.1419 0.844094 -3.0845
vt -6.0611 33.232
f 206/280/28 205/279/28 203/277/28

v -0.140647 0.840207 -3.45182
vt 8.40047 33.079
f 206/280/28 207/281/28 205/279/28

v -0.141898 0.835786 -3.0851
vt -6.03754 32.905
f 208/282/28 207/281/28 206/280/28

v -0.14065 0.834473 -3.45101
vt 8.36851 32.8533
f 208/282/28 209/283/28 207/281/28

v -0.140654 0.829061 -3.44965
vt 8.31492 32.6402
f 208/282/28 210/284/28 209/283/28

v -0.141896 0.827485 -3.08579
vt -6.01042 32.5781
f 211/285/28 210/284/28 208/282/28

v -0.140658 0.824108 -3.44848
vt 8.26896 32.4452
f 211/285/28 212/286/28 210/284/28

v -0.141893 0.819191 -3.08657
vt -5.97973 32.2516
f 213/287/28 212/286/28 211/285/28

v -0.140663 0.818642 -3.44703
vt 8.21183 32.23
f 213/287/28 214/288/28 212/286/28

v -0.140668 0.813213 -3.44553
vt 8.15292 32.0163
f 213/287/28 215/289/28 214/288/28

v -0.14189 0.810907 -3.08744
vt -5.94549 31.9255
f 216/290/28 215/289/28 213/287/28

v -0.140674 0.80782 -3.44381
vt 8.08517 31.8039
f 216/290/28 217/291/28 215/289/28

v -0.140679 0.802729 -3.44235
vt 8.02735 31.6035
f 216/290/28 218/292/28 217/291/28

v -0.141887 0.802633 -3.0884
vt -5.90769 31.5997
f 219/293/28 218/292/28 216/290/28

v -0.140685 0.797641 -3.44062
vt 7.95962 31.4032
f 219/293/28 220/294/28 218/292/28

v -0.141883 0.79437 -3.08945
vt -5.86634 31.2744
f 221/295/28 220/294/28 219/293/28

v -0.14069 0.792301 -3.43918
vt 7.90276 31.193
f 221/295/28 222/296/28 220/294/28

v -0.140695 0.787448 -3.43771
vt 7.84485 31.0019
f 221/295/28 223/297/28 222/296/28

v -0.141879 0.786119 -3.09059
vt -5.82145 30.9496
f 224/298/28 223/297/28 221/295/28

v -0.140701 0.78265 -3.43597
vt 7.77651 30.813
f 224/298/28 225/299/28 223/297/28

v -0.141875 0.77788 -3.09182
vt -5.77301 30.6252
f 226/300/28 225/299/28 224/298/28

v -0.140706 0.77708 -3.43454
vt 7.72005 30.5937
f 226/300/28 227/301/28 225/299/28

v -0.140718 0.774963 -3.43086
vt 7.57533 30.5103
f 226/300/28 228/302/28 227/301/28

v -0.141871 0.769656 -3.09314
vt -5.72105 30.3014
f 229/303/28 228/302/28 226/300/28

v -0.141866 0.761446 -3.09455
vt -5.66555 29.9782
f 230/304/28 228/302/28 229/303/28

v -0.141861 0.753253 -3.09605
vt -5.60654 29.6556
f 231/305/28 228/302/28 230/304/28

v -0.141855 0.745076 -3.09763
vt -5.54401 29.3337
f 232/306/28 228/302/28 231/305/28

v -0.141849 0.736917 -3.09931
vt -5.47798 29.0125
f 233/307/28 228/302/28 232/306/28

v -0.141843 0.728776 -3.10108
vt -5.40844 28.692
f 234/308/28 228/302/28 233/307/28

v -0.140891 0.693666 -3.38016
vt 5.57902 27.3097
f 234/308/28 235/309/28 228/302/28

v -0.140834 0.6879 -3.39704
vt 6.24387 27.0827
f 234/308/28 236/310/28 235/309/28

v -0.140947 0.651821 -3.36371
vt 4.93161 25.6622
f 234/308/28 237/311/28 236/310/28

v -0.141034 0.624489 -3.33846
vt 3.93748 24.5862
f 234/308/28 238/312/28 237/311/28

v -0.14103 0.609644 -3.33956
vt 3.98057 24.0017
f 234/308/28 239/313/28 238/312/28

v -0.141751 0.607302 -3.12813
vt -4.34349 23.9095
f 240/314/28 239/313/28 234/308/28

v -0.140982 0.596228 -3.3535
vt 4.52953 23.4736
f 240/314/28 241/315/28 239/313/28

v -0.140803 0.588922 -3.40604
vt 6.5979 23.1859
f 240/314/28 242/316/28 241/315/28

v -0.140805 0.585636 -3.40534
vt 6.57057 23.0565
f 240/314/28 243/317/28 242/316/28

v -0.14174 0.578539 -3.13151
vt -4.21041 22.7771
f 244/318/28 243/317/28 240/314/28

v -0.140809 0.57314 -3.40442
vt 6.53412 22.5646
f 244/318/28 245/319/28 243/317/28

v -0.140807 0.56157 -3.40488
vt 6.55235 22.109
f 244/318/28 246/320/28 245/319/28

v -0.140805 0.551114 -3.40537
vt 6.57166 21.6974
f 244/318/28 247/321/28 246/320/28

v -0.140809 0.548982 -3.40415
vt 6.52356 21.6135
f 244/318/28 248/322/28 247/321/28

v -0.140983 0.541582 -3.35316
vt 4.5163 21.3221
f 244/318/28 249/323/28 248/322/28

v -0.141748 0.538845 -3.12896
vt -4.31083 21.2144
f 250/324/28 249/323/28 244/318/28

v -0.141762 0.532418 -3.12492
vt -4.46991 20.9613
f 251/325/28 249/323/28 250/324/28

v -0.141231 0.531065 -3.2807
vt 1.66333 20.9081
f 251/325/28 252/326/28 249/323/28

v -0.141273 0.529269 -3.26833
vt 1.17633 20.8374
f 251/325/28 253/327/28 252/326/28

v -0.141281 0.529039 -3.26598
vt 1.08369 20.8283
f 251/325/28 254/328/28 253/327/28

v -0.141739 0.522449 -3.13156
vt -4.2083 20.5689
f 255/329/28 254/328/28 251/325/28

v -0.141678 0.521798 -3.14972
vt -3.49354 20.5432
f 256/330/28 254/328/28 255/329/28

v -0.141572 0.520685 -3.18075
vt -2.2719 20.4994
f 254/328/28 256/330/28 257/331/28

usemtl Teddy_Skin_
v -0.141756 0.446902 -3.12657
vt -4.40468 17.5946
vn 0.999994 -1.74896e-15 0.00341184
v -0.141756 0.441284 -3.12676
vt -4.39744 17.3734
v -0.141754 0.435683 -3.12722
vt -4.37921 17.1529
v -0.141752 0.430111 -3.12796
vt -4.35006 16.9335
v -0.141748 0.424582 -3.12898
vt -4.31004 16.7158
v -0.141744 0.419112 -3.13027
vt -4.25926 16.5005
v -0.141739 0.413711 -3.13183
vt -4.19784 16.2879
v -0.141724 0.395682 -3.13607
vt -4.03076 15.578
v -0.141683 0.332113 -3.14816
vt -3.55485 13.0753
v -0.141642 0.268543 -3.16025
vt -3.07894 10.5726
v -0.141641 0.204428 -3.16035
vt -3.07471 8.04835
v -0.141664 0.134359 -3.1538
vt -3.33257 5.28973
v -0.141669 0.0994191 -3.15213
vt -3.39861 3.91414
v -0.141671 0.0908877 -3.15172
vt -3.41473 3.57826
v -0.141671 0.0778602 -3.1516
vt -3.41948 3.06536
v -0.141668 0.0729284 -3.15237
vt -3.38916 2.8712
v -0.141663 0.0681493 -3.15387
vt -3.33016 2.68304
v -0.141656 0.0636187 -3.15606
vt -3.24367 2.50467
v -0.141646 0.0594277 -3.15891
vt -3.13143 2.33967
v -0.141634 0.0556604 -3.16236
vt -2.99568 2.19135
v -0.141621 0.05205 -3.16617
vt -2.84568 2.04921
v -0.141576 0.0462118 -3.17935
vt -2.32676 1.81936
v -0.141527 0.0449834 -3.19385
vt -1.75616 1.771
v -0.141479 0.0485123 -3.20791
vt -1.20238 1.90993
v -0.141438 0.0563749 -3.21986
vt -0.731911 2.21948
v -0.141418 0.0642972 -3.22577
vt -0.499092 2.53139
v -0.14141 0.0676272 -3.22826
vt -0.401234 2.66249
v -0.141405 0.0703636 -3.22945
vt -0.354297 2.77022
v -0.141416 0.0925085 -3.22625
vt -0.480509 3.64207
v -0.141416 0.141032 -3.22649
vt -0.471122 5.55244
v -0.141435 0.187238 -3.22076
vt -0.696428 7.37156
v -0.141454 0.230776 -3.21537
vt -0.90873 9.08568
v -0.141458 0.278157 -3.21398
vt -0.963561 10.9511
v -0.141437 0.312652 -3.22018
vt -0.719231 12.3091
v -0.141371 0.36356 -3.23953
vt 0.0425127 14.3134
v -0.141366 0.368258 -3.24107
vt 0.103201 14.4984
v -0.141361 0.37299 -3.24251
vt 0.159663 14.6847
v -0.141356 0.377754 -3.24383
vt 0.211871 14.8722
v -0.141352 0.382546 -3.24505
vt 0.259798 15.0609
v -0.141348 0.387365 -3.24616
vt 0.303418 15.2506
v -0.141345 0.392208 -3.24716
vt 0.342709 15.4413
v -0.141342 0.397072 -3.24804
vt 0.37765 15.6328
v -0.141339 0.401956 -3.24882
vt 0.408225 15.825
v -0.141337 0.406855 -3.24949
vt 0.434416 16.0179
v -0.141335 0.411769 -3.25004
vt 0.45621 16.2114
v -0.141334 0.416694 -3.25048
vt 0.473596 16.4053
v -0.141333 0.421627 -3.25081
vt 0.486565 16.5995
v -0.141321 0.482425 -3.25417
vt 0.619039 18.9931
v -0.141296 0.520404 -3.26156
vt 0.909728 20.4883
v -0.14129 0.523518 -3.26315
vt 0.972459 20.6109
v -0.141733 0.483331 -3.13346
vt -4.1337 19.0288
v -0.141753 0.463713 -3.1277
vt -4.3605 18.2564
v -0.141755 0.458131 -3.12704
vt -4.38619 18.0366
v -0.141756 0.452522 -3.12667
vt -4.40093 17.8158
f 258/332/29 259/333/29 260/334/29 261/335/29 262/336/29 263/337/29 264/338/29 265/339/29 266/340/29 267/341/29 268/342/29 269/343/29 270/344/29 271/345/29 272/346/29 273/347/29 274/348/29 275/349/29 276/350/29 277/351/29 278/352/29 279/353/29 280/354/29 281/355/29 282/356/29 283/357/29 284/358/29 285/359/29 286/360/29 287/361/29 288/362/29 289/363/29 290/364/29 291/365/29 292/366/29 293/367/29 294/368/29 295/369/29 296/370/29 297/371/29 298/372/29 299/373/29 300/374/29 301/375/29 302/376/29 303/377/29 304/378/29 305/379/29 306/380/29 307/381/29 254/328/29 257/331/29 256/330/29 308/382/29 309/383/29 310/384/29 311/385/29 

usemtl Teddy_Shoes
v -0.141696 0.0988061 -3.1443
vt -3.70662 3.89
vn 0.999994 -3.57574e-14 0.00341184
v -0.141698 0.0913378 -3.14375
vt -3.72831 3.59598
v -0.141698 0.0838528 -3.14359
vt -3.73454 3.30129
v -0.141697 0.0697827 -3.14407
vt -3.71597 2.74735
v -0.141692 0.055757 -3.14534
vt -3.666 2.19516
v -0.141688 0.0470433 -3.1467
vt -3.61218 1.8521
v -0.141686 0.0448361 -3.14713
vt -3.59524 1.7652
v -0.141686 0.0436483 -3.14736
vt -3.58612 1.71844
v -0.141681 0.040661 -3.14865
vt -3.53566 1.60083
v -0.141671 0.0339845 -3.15151
vt -3.42288 1.33797
v -0.141667 0.0309353 -3.15282
vt -3.37137 1.21793
v -0.141639 0.0195277 -3.16087
vt -3.05429 0.768807
v -0.141604 0.00989562 -3.17119
vt -2.64795 0.389591
v -0.141583 0.00616588 -3.17728
vt -2.40853 0.242751
v -0.141566 0.00351051 -3.18237
vt -2.20783 0.138209
v -0.141548 0.00157374 -3.18782
vt -1.99338 0.0619581
v -0.141528 0.000395472 -3.1935
vt -1.76962 0.0155697
v -0.141508 0 -3.19931
vt -1.54115 -2.847e-27
v -0.141489 0.000395472 -3.20511
vt -1.31268 0.0155697
v -0.141469 0.00157374 -3.21079
vt -1.08892 0.0619581
v -0.141455 0.00300419 -3.21482
vt -0.93054 0.118275
v -0.141451 0.00351051 -3.21624
vt -0.874479 0.138209
v -0.141433 0.00616588 -3.22134
vt -0.673777 0.242751
v -0.141421 0.00955262 -3.22482
vt -0.536708 0.376087
v -0.1414 0.0186165 -3.23098
vt -0.294119 0.732934
v -0.141393 0.0234208 -3.23296
vt -0.216188 0.92208
v -0.141386 0.0286589 -3.23512
vt -0.131221 1.1283
v -0.141379 0.0392795 -3.23707
vt -0.0545093 1.54644
v -0.14138 0.0435386 -3.23694
vt -0.0594622 1.71412
v -0.141384 0.0465511 -3.23583
vt -0.10305 1.83272
v -0.141389 0.0524414 -3.2343
vt -0.163464 2.06462
v -0.141392 0.0584412 -3.23335
vt -0.200866 2.30083
v -0.141399 0.0643445 -3.2312
vt -0.285362 2.53325
v -0.141675 0.128145 -3.15039
vt -3.46691 5.04507
v -0.141682 0.120927 -3.14829
vt -3.54952 4.7609
v -0.141688 0.113619 -3.14658
vt -3.61712 4.47318
v -0.141693 0.106239 -3.14525
vt -3.66953 4.18265
f 312/386/30 313/387/30 314/388/30 315/389/30 316/390/30 317/391/30 318/392/30 319/393/30 320/394/30 321/395/30 322/396/30 323/397/30 324/398/30 325/399/30 326/400/30 327/401/30 328/402/30 329/403/30 330/404/30 331/405/30 332/406/30 333/407/30 334/408/30 335/409/30 336/410/30 337/411/30 338/412/30 339/413/30 340/414/30 341/415/30 342/416/30 343/417/30 344/418/30 285/359/30 284/358/30 283/357/30 282/356/30 281/355/30 280/354/30 279/353/30 278/352/30 277/351/30 276/350/30 275/349/30 274/348/30 273/347/30 272/346/30 271/345/30 270/344/30 269/343/30 345/419/30 346/420/30 347/421/30 348/422/30 

v -0.141114 0.0690916 -3.31481
vt 3.00606 2.72014
vn 0.999994 -5.46912e-15 0.00341184
v -0.14112 0.0726471 -3.31307
vt 2.93793 2.86012
v -0.141133 0.0668665 -3.30921
vt 2.78581 2.63254
v -0.141173 0.0594207 -3.29751
vt 2.32501 2.3394
v -0.141219 0.0548812 -3.28425
vt 1.80292 2.16068
v -0.141266 0.0535184 -3.27022
vt 1.25062 2.10702
v -0.141314 0.0554133 -3.25626
vt 0.700998 2.18163
v -0.141359 0.0604532 -3.2432
vt 0.186765 2.38005
v -0.141368 0.0623623 -3.24044
vt 0.0782395 2.45521
v -0.141398 0.0683517 -3.23173
vt -0.264599 2.69101
v -0.14137 0.0184278 -3.23992
vt 0.0578164 0.725504
v -0.141344 0.0144831 -3.24752
vt 0.357152 0.570201
v -0.141316 0.0116681 -3.25561
vt 0.675646 0.459376
v -0.141288 0.0100409 -3.26402
vt 1.00673 0.395312
v -0.141258 0.00963505 -3.27258
vt 1.34358 0.379333
v -0.141229 0.0104589 -3.2811
vt 1.67924 0.411766
v -0.141201 0.0124954 -3.28942
vt 2.00679 0.491943
v -0.141174 0.0157026 -3.29737
vt 2.31949 0.618211
v -0.141148 0.0200143 -3.30477
vt 2.61087 0.787966
v -0.141126 0.0253418 -3.31147
vt 2.87493 0.997707
v -0.141106 0.031575 -3.31735
vt 3.10623 1.24311
v -0.141097 0.0350802 -3.31981
vt 3.20311 1.38111
v -0.141087 0.0421684 -3.32266
vt 3.31543 1.66017
v -0.14109 0.0466328 -3.32187
vt 3.28409 1.83594
v -0.141093 0.0504791 -3.3211
vt 3.25374 1.98737
v -0.141094 0.0516068 -3.32082
vt 3.24284 2.03176
v -0.141096 0.0542925 -3.32016
vt 3.21689 2.1375
v -0.1411 0.0580667 -3.31906
vt 3.17363 2.28609
v -0.141104 0.0617953 -3.3178
vt 3.12401 2.43289
v -0.141109 0.0654724 -3.31638
vt 3.06813 2.57765
f 349/423/31 350/424/31 351/425/31 352/426/31 353/427/31 354/428/31 355/429/31 356/430/31 357/431/31 358/432/31 285/359/31 344/418/31 343/417/31 342/416/31 341/415/31 340/414/31 339/413/31 338/412/31 337/411/31 359/433/31 360/434/31 361/435/31 362/436/31 363/437/31 364/438/31 365/439/31 366/440/31 367/441/31 368/442/31 369/443/31 370/444/31 371/445/31 372/446/31 373/447/31 374/448/31 375/449/31 376/450/31 377/451/31 378/452/31 

usemtl Teddy_Skin_
vn 0.999994 -1.02626e-14 0.00341184
v -0.141276 0.522987 -3.26728
vt 1.13508 20.59
v -0.141297 0.489275 -3.26133
vt 0.900588 19.2628
v -0.141306 0.458144 -3.25851
vt 0.789871 18.0372
v -0.141319 0.427113 -3.25475
vt 0.64187 16.8155
v -0.141365 0.335109 -3.24128
vt 0.111286 13.1932
v -0.141368 0.32375 -3.24051
vt 0.0809494 12.7461
v -0.141379 0.276644 -3.23731
vt -0.0448714 10.8915
v -0.141431 0.202311 -3.22188
vt -0.652515 7.96499
v -0.141127 0.0761329 -3.31119
vt 2.86383 2.99736
v -0.141134 0.0795433 -3.30916
vt 2.7839 3.13163
v -0.141141 0.0828726 -3.30699
vt 2.69826 3.2627
v -0.141149 0.0861153 -3.30467
vt 2.60706 3.39037
v -0.141157 0.089266 -3.30222
vt 2.51044 3.51441
v -0.141205 0.133556 -3.28809
vt 1.95418 5.2581
v -0.141216 0.194979 -3.28493
vt 1.82997 7.67634
v -0.141179 0.244501 -3.29592
vt 2.26249 9.62602
v -0.141063 0.341496 -3.3297
vt 3.5926 13.4447
v -0.141006 0.406733 -3.34645
vt 4.25182 16.0131
v -0.14098 0.458913 -3.35422
vt 4.55771 18.0674
v -0.140975 0.483331 -3.35552
vt 4.60891 19.0288
v -0.140983 0.537487 -3.35327
vt 4.52059 21.1609
f 252/326/32 253/327/32 379/453/32 380/454/32 381/455/32 382/456/32 298/372/32 297/371/32 296/370/32 295/369/32 294/368/32 293/367/32 292/366/32 383/457/32 384/458/32 385/459/32 386/460/32 288/362/32 287/361/32 286/360/32 285/359/32 358/432/32 357/431/32 356/430/32 355/429/32 354/428/32 353/427/32 352/426/32 351/425/32 350/424/32 387/461/32 388/462/32 389/463/32 390/464/32 391/465/32 392/466/32 393/467/32 394/468/32 395/469/32 396/470/32 397/471/32 398/472/32 399/473/32 249/323/32 

usemtl Teddy_SkinShadow_
vn 0.999994 -1.01631e-15 0.00341184
f 299/373/33 298/372/33 382/456/33 381/455/33 380/454/33 379/453/33 253/327/33 254/328/33 307/381/33 306/380/33 305/379/33 304/378/33 303/377/33 302/376/33 301/375/33 300/374/33 

usemtl Teddy_Dress
v -0.140793 0.61564 -3.40882
vt 6.70741 24.2378
f 400/474/28 241/315/28 242/316/28

v -0.140935 0.613701 -3.3674
vt 5.07672 24.1615
f 241/315/28 400/474/28 401/475/28

v -0.140887 0.639944 -3.38145
vt 5.63 25.1947
f 401/475/28 400/474/28 402/476/28

v -0.140792 0.620777 -3.40933
vt 6.72747 24.44
f 402/476/28 400/474/28 403/477/28

v -0.140791 0.625932 -3.40956
vt 6.73654 24.643
f 402/476/28 403/477/28 404/478/28

v -0.14079 0.631588 -3.40999
vt 6.75339 24.8657
f 402/476/28 404/478/28 405/479/28

v -0.140788 0.636803 -3.41042
vt 6.77061 25.071
f 402/476/28 405/479/28 406/480/28

v -0.140787 0.642537 -3.41085
vt 6.78758 25.2967
f 402/476/28 406/480/28 407/481/28

v -0.140845 0.660421 -3.39361
vt 6.10876 26.0008
f 402/476/28 407/481/28 408/482/28

v -0.140785 0.648103 -3.41131
vt 6.80531 25.5159
f 408/482/28 407/481/28 409/483/28

v -0.140783 0.653643 -3.41176
vt 6.82321 25.734
f 408/482/28 409/483/28 410/484/28

v -0.140782 0.658936 -3.41222
vt 6.84119 25.9424
f 408/482/28 410/484/28 411/485/28

v -0.14078 0.665548 -3.41268
vt 6.85928 26.2027
f 408/482/28 411/485/28 412/486/28

v -0.140798 0.679763 -3.40751
vt 6.65578 26.7623
f 408/482/28 412/486/28 413/487/28

v -0.140778 0.671008 -3.41341
vt 6.88835 26.4176
f 413/487/28 412/486/28 414/488/28

v -0.140776 0.676345 -3.41393
vt 6.90871 26.6278
f 413/487/28 414/488/28 415/489/28

v -0.140774 0.681952 -3.41443
vt 6.92843 26.8485
f 413/487/28 415/489/28 416/490/28

v -0.14077 0.694241 -3.41575
vt 6.98027 27.3323
f 413/487/28 416/490/28 417/491/28

v -0.140772 0.688041 -3.41521
vt 6.95918 27.0882
f 417/491/28 416/490/28 418/492/28

v -0.140761 0.711838 -3.41824
vt 7.07841 28.0251
f 413/487/28 417/491/28 419/493/28

v -0.140767 0.699427 -3.41654
vt 7.0114 27.5365
f 419/493/28 417/491/28 420/494/28

v -0.140764 0.705581 -3.41739
vt 7.04467 27.7788
f 419/493/28 420/494/28 421/495/28

v -0.140758 0.717278 -3.41913
vt 7.11347 28.2393
f 413/487/28 419/493/28 422/496/28

v -0.140755 0.722661 -3.42004
vt 7.14904 28.4512
f 413/487/28 422/496/28 423/497/28

usemtl Teddy_DressDepth
vn 0.999994 2.02092e-14 0.00341184
f 413/487/34 423/497/34 236/310/34 237/311/34 238/312/34 239/313/34 241/315/34 401/475/34 402/476/34 408/482/34 

usemtl Teddy_Dress
f 423/497/28 235/309/28 236/310/28

v -0.140776 0.730018 -3.4139
vt 6.9073 28.7409
f 235/309/28 423/497/28 424/498/28

v -0.140751 0.727684 -3.42122
vt 7.19584 28.649
f 424/498/28 423/497/28 425/499/28

v -0.140747 0.732826 -3.42247
vt 7.24506 28.8514
f 424/498/28 425/499/28 426/500/28

f 424/498/28 426/500/28 228/302/28

v -0.140742 0.738227 -3.42404
vt 7.30687 29.0641
f 228/302/28 426/500/28 427/501/28

v -0.140737 0.743934 -3.42544
vt 7.36163 29.2887
f 228/302/28 427/501/28 428/502/28

v -0.140731 0.749462 -3.42711
vt 7.42741 29.5064
f 228/302/28 428/502/28 429/503/28

v -0.140726 0.75501 -3.42857
vt 7.48502 29.7248
f 228/302/28 429/503/28 430/504/28

v -0.140721 0.760298 -3.43
vt 7.5414 29.933
f 228/302/28 430/504/28 431/505/28

v -0.140717 0.76524 -3.43116
vt 7.58688 30.1276
f 228/302/28 431/505/28 432/506/28

v -0.140711 0.771477 -3.43307
vt 7.66203 30.3731
f 228/302/28 432/506/28 433/507/28

f 228/302/28 433/507/28 227/301/28

usemtl Teddy_DressDepth
vn 0.999994 3.75026e-14 0.00341184
f 228/302/35 235/309/35 424/498/35

usemtl Teddy_Dress
v -0.140625 0.903638 -3.45816
vt 8.64989 35.5763
f 434/508/28 188/262/28 189/263/28

v -0.141535 0.901974 -3.19156
vt -1.8463 35.5108
f 188/262/28 434/508/28 435/509/28

v -0.141522 0.906517 -3.1954
vt -1.69482 35.6897
f 435/509/28 434/508/28 436/510/28

v -0.140625 0.909222 -3.45831
vt 8.65574 35.7961
f 436/510/28 434/508/28 437/511/28

v -0.141491 0.906727 -3.20433
vt -1.34332 35.6979
f 436/510/28 437/511/28 438/512/28

f 438/512/28 437/511/28 153/227/28

v -0.140624 0.91527 -3.45841
vt 8.6598 36.0342
f 439/513/28 153/227/28 437/511/28

f 153/227/28 439/513/28 154/228/28

v -0.140624 0.921208 -3.45847
vt 8.66209 36.268
f 154/228/28 439/513/28 440/514/28

v -0.141309 0.922037 -3.25768
vt 0.757084 36.3007
f 154/228/28 440/514/28 441/515/28

v -0.140624 0.926891 -3.4585
vt 8.66354 36.4918
f 442/516/28 441/515/28 440/514/28

v -0.141275 0.925024 -3.26764
vt 1.14926 36.4183
f 441/515/28 442/516/28 443/517/28

f 443/517/28 442/516/28 100/174/28

v -0.140625 0.932836 -3.45825
vt 8.65354 36.7258
f 100/174/28 442/516/28 444/518/28

v -0.140625 0.93852 -3.45821
vt 8.65191 36.9496
f 100/174/28 444/518/28 445/519/28

v -0.140626 0.943874 -3.4579
vt 8.6398 37.1604
f 100/174/28 445/519/28 446/520/28

v -0.140627 0.950273 -3.45753
vt 8.62528 37.4123
f 100/174/28 446/520/28 447/521/28

v -0.140629 0.955711 -3.45715
vt 8.61007 37.6264
f 100/174/28 447/521/28 448/522/28

v -0.140629 0.961028 -3.457
vt 8.60436 37.8358
f 100/174/28 448/522/28 449/523/28

v -0.140629 0.967441 -3.4569
vt 8.60025 38.0882
f 100/174/28 449/523/28 450/524/28

v -0.14063 0.972576 -3.45682
vt 8.59733 38.2904
f 100/174/28 450/524/28 451/525/28

v -0.14063 0.97783 -3.45678
vt 8.59577 38.4972
f 100/174/28 451/525/28 452/526/28

v -0.140631 0.983646 -3.45648
vt 8.58382 38.7262
f 100/174/28 452/526/28 453/527/28

v -0.140631 0.989458 -3.45641
vt 8.58098 38.955
f 100/174/28 453/527/28 454/528/28

v -0.140649 1.02132 -3.45105
vt 8.3699 40.2096
f 100/174/28 454/528/28 455/529/28

v -0.140652 1.02521 -3.45029
vt 8.33996 40.3628
f 100/174/28 455/529/28 456/530/28

v -0.140671 1.05337 -3.4447
vt 8.11996 41.4711
f 100/174/28 456/530/28 457/531/28

v -0.140675 1.05392 -3.44364
vt 8.07848 41.4929
f 100/174/28 457/531/28 458/532/28

usemtl Teddy_Skin_
v -0.140756 1.1136 -3.41984
vt 7.14133 43.8424
vn 0.999994 -1.07191e-15 0.00341184
v -0.140752 1.1122 -3.42106
vt 7.18945 43.7872
v -0.140743 1.09734 -3.42371
vt 7.29369 43.2025
v -0.140742 1.09573 -3.42402
vt 7.3059 43.1391
v -0.140746 1.09487 -3.42285
vt 7.25996 43.1052
v -0.140762 1.09495 -3.41805
vt 7.0707 43.1081
v -0.140799 1.09493 -3.40723
vt 6.64482 43.1077
v -0.140844 1.095 -3.39401
vt 6.12431 43.1104
v -0.140852 1.09467 -3.39163
vt 6.03059 43.0973
v -0.140862 1.09242 -3.38881
vt 5.91962 43.0088
v -0.14086 1.08885 -3.38927
vt 5.93781 42.868
v -0.140852 1.08613 -3.39164
vt 6.03102 42.7609
v -0.140837 1.08395 -3.39592
vt 6.1997 42.675
v -0.140825 1.08355 -3.39951
vt 6.34082 42.6596
v -0.140813 1.08316 -3.40309
vt 6.48193 42.6441
v -0.140776 1.08291 -3.41391
vt 6.90769 42.6341
v -0.140752 1.08163 -3.421
vt 7.1871 42.5837
v -0.140734 1.07655 -3.42613
vt 7.38888 42.3839
v -0.140722 1.07331 -3.42968
vt 7.52867 42.2563
v -0.140711 1.06696 -3.43309
vt 7.66313 42.0063
v -0.140702 1.06153 -3.43566
vt 7.76421 41.7923
v -0.140685 1.05575 -3.44054
vt 7.9562 41.565
v -0.140664 1.05224 -3.44684
vt 8.20414 41.4268
v -0.140656 1.05148 -3.44912
vt 8.2939 41.3968
v -0.14064 1.05127 -3.45392
vt 8.483 41.3886
v -0.140623 1.05179 -3.4587
vt 8.67117 41.4091
v -0.1406 1.05406 -3.46554
vt 8.94069 41.4984
v -0.140624 1.08359 -3.45862
vt 8.66824 42.6609
v -0.14063 1.08765 -3.45678
vt 8.59563 42.821
v -0.140645 1.09369 -3.45242
vt 8.42408 43.0585
v -0.140667 1.1066 -3.44575
vt 8.16149 43.5669
v -0.1407 1.12152 -3.43635
vt 7.79115 44.1544
v -0.140718 1.12908 -3.43088
vt 7.57606 44.4522
v -0.140737 1.13631 -3.42531
vt 7.35685 44.7365
v -0.140746 1.13967 -3.42277
vt 7.25656 44.8687
v -0.140751 1.14125 -3.42128
vt 7.19804 44.9309
v -0.140771 1.14504 -3.41543
vt 6.96786 45.0803
v -0.140799 1.14841 -3.40735
vt 6.64954 45.2128
v -0.140815 1.14908 -3.40259
vt 6.46212 45.2393
v -0.140851 1.15068 -3.39189
vt 6.04093 45.3023
v -0.140863 1.15007 -3.38834
vt 5.90103 45.2782
v -0.140875 1.14654 -3.38507
vt 5.77227 45.1394
v -0.140874 1.14231 -3.38513
vt 5.77472 44.9729
v -0.140869 1.14052 -3.38675
vt 5.83844 44.9023
v -0.140858 1.13855 -3.38977
vt 5.95749 44.825
v -0.140838 1.13752 -3.39569
vt 6.19054 44.7841
v -0.140806 1.13587 -3.40501
vt 6.55758 44.7191
v -0.140794 1.13501 -3.40855
vt 6.69681 44.6855
v -0.140767 1.13258 -3.41672
vt 7.01852 44.5898
v -0.140754 1.12902 -3.42035
vt 7.16145 44.4497
f 459/533/36 460/534/36 461/535/36 462/536/36 463/537/36 464/538/36 465/539/36 466/540/36 467/541/36 468/542/36 469/543/36 470/544/36 471/545/36 472/546/36 473/547/36 474/548/36 475/549/36 476/550/36 477/551/36 478/552/36 479/553/36 480/554/36 458/532/36 457/531/36 481/555/36 482/556/36 483/557/36 484/558/36 485/559/36 486/560/36 487/561/36 488/562/36 489/563/36 490/564/36 491/565/36 492/566/36 493/567/36 494/568/36 495/569/36 496/570/36 497/571/36 498/572/36 499/573/36 500/574/36 501/575/36 502/576/36 503/577/36 504/578/36 505/579/36 506/580/36 507/581/36 508/582/36 

usemtl Teddy_SkinShadow_
vn 0.999994 1.34684e-13 0.00341184
vn 0.999994 6.81939e-14 0.00341184
v -0.14077 1.11599 -3.41567
vt 6.97714 43.9366
v -0.140794 1.11795 -3.40873
vt 6.70389 44.0137
v -0.14081 1.1187 -3.40398
vt 6.51692 44.0432
v -0.140835 1.11887 -3.39677
vt 6.23308 44.0499
v -0.14081 1.11763 -3.40411
vt 6.52199 44.0011
v -0.14079 1.11638 -3.40993
vt 6.75119 43.952
v -0.140775 1.11508 -3.4142
vt 6.91939 43.9009
f 460/534/37 459/533/38 509/583/38 510/584/38 511/585/38 512/586/38 513/587/37 514/588/37 515/589/37 

usemtl Teddy_Skin_
vn 0.999994 1.70371e-15 0.00341184
v -0.140764 1.13122 -3.41733
vt 7.04259 44.5364
v -0.140785 1.13266 -3.41129
vt 6.80486 44.5929
v -0.140818 1.13269 -3.40171
vt 6.42746 44.5942
v -0.140847 1.13271 -3.39306
vt 6.08682 44.5951
v -0.140883 1.13204 -3.38256
vt 5.67355 44.5685
v -0.140908 1.13155 -3.37536
vt 5.39029 44.5491
v -0.140923 1.13016 -3.37076
vt 5.20908 44.4945
v -0.140929 1.12704 -3.36896
vt 5.13803 44.3716
v -0.140929 1.12344 -3.36914
vt 5.14525 44.2298
v -0.14092 1.12093 -3.37174
vt 5.24747 44.1313
v -0.140908 1.11983 -3.37517
vt 5.38266 44.088
v -0.140894 1.11979 -3.37938
vt 5.54827 44.0861
v -0.140875 1.11974 -3.38507
vt 5.77247 44.0842
v -0.140859 1.11952 -3.38959
vt 5.95032 44.0755
f 509/583/38 459/533/38 508/582/39 516/590/39 517/591/39 518/592/39 519/593/39 520/594/39 521/595/39 522/596/39 523/597/39 524/598/39 525/599/39 526/600/39 527/601/39 528/602/39 529/603/39 512/586/38 511/585/38 510/584/38 

usemtl Teddy_SkinShadow_
vn 0.999994 -1.05863e-13 0.00341184
f 517/591/40 516/590/40 508/582/40 507/581/40 506/580/40 

usemtl Teddy_Dress
f 506/580/28 518/592/28 517/591/28

f 518/592/28 506/580/28 519/593/28

v -0.141837 1.14977 -3.10286
vt -5.33816 45.2667
f 530/604/28 519/593/28 506/580/28

f 530/604/28 520/594/28 519/593/28

f 530/604/28 521/595/28 520/594/28

f 530/604/28 522/596/28 521/595/28

f 530/604/28 523/597/28 522/596/28

f 530/604/28 524/598/28 523/597/28

f 530/604/28 525/599/28 524/598/28

f 530/604/28 526/600/28 525/599/28

v -0.14091 1.11903 -3.37463
vt 5.36132 44.0564
f 530/604/28 531/605/28 526/600/28

v -0.140917 1.1176 -3.3727
vt 5.28534 44
f 530/604/28 532/606/28 531/605/28

f 105/179/28 532/606/28 530/604/28

f 104/178/28 532/606/28 105/179/28

v -0.140919 1.11405 -3.37208
vt 5.26085 43.8602
f 104/178/28 533/607/28 532/606/28

v -0.140914 1.11069 -3.37338
vt 5.31205 43.7278
f 104/178/28 534/608/28 533/607/28

v -0.140898 1.10753 -3.37821
vt 5.50224 43.6036
f 104/178/28 535/609/28 534/608/28

v -0.140874 1.10636 -3.38518
vt 5.77677 43.5575
f 104/178/28 536/610/28 535/609/28

v -0.140835 1.10463 -3.39679
vt 6.23395 43.4894
f 104/178/28 537/611/28 536/610/28

v -0.140804 1.10315 -3.40577
vt 6.58752 43.431
f 104/178/28 538/612/28 537/611/28

v -0.140785 1.10154 -3.4112
vt 6.80107 43.3677
f 104/178/28 539/613/28 538/612/28

v -0.140762 1.09948 -3.41803
vt 7.06995 43.2868
f 104/178/28 540/614/28 539/613/28

v -0.140756 1.09891 -3.41974
vt 7.1373 43.2644
f 104/178/28 541/615/28 540/614/28

v -0.140758 1.09663 -3.41928
vt 7.11911 43.1744
f 104/178/28 542/616/28 541/615/28

f 103/177/28 542/616/28 104/178/28

f 466/540/28 542/616/28 103/177/28

f 466/540/28 464/538/28 542/616/28

f 464/538/28 466/540/28 465/539/28

usemtl Teddy_DressShadow
vn 0.999994 6.31873e-14 0.00341184
f 542/616/41 464/538/41 463/537/41 462/536/41 461/535/41 541/615/41 

usemtl Teddy_Skin_
vn 0.999994 -8.09068e-15 0.00341184
f 460/534/42 515/589/42 514/588/42 513/587/42 512/586/42 529/603/42 528/602/42 527/601/42 531/605/42 532/606/42 533/607/42 534/608/42 535/609/42 536/610/42 537/611/42 538/612/42 539/613/42 540/614/42 541/615/42 461/535/42 

usemtl Teddy_Dress
f 526/600/28 531/605/28 527/601/28

f 103/177/28 467/541/28 466/540/28

f 103/177/28 468/542/28 467/541/28

f 103/177/28 469/543/28 468/542/28

f 103/177/28 470/544/28 469/543/28

f 102/176/28 470/544/28 103/177/28

f 102/176/28 471/545/28 470/544/28

f 102/176/28 472/546/28 471/545/28

v -0.14081 1.08235 -3.40412
vt 6.52246 42.6123
f 102/176/28 543/617/28 472/546/28

v -0.140781 1.08119 -3.41245
vt 6.85052 42.5665
f 102/176/28 544/618/28 543/617/28

f 101/175/28 544/618/28 102/176/28

v -0.140757 1.07731 -3.41961
vt 7.13221 42.4138
f 101/175/28 545/619/28 544/618/28

v -0.140745 1.07384 -3.42293
vt 7.26305 42.277
f 101/175/28 546/620/28 545/619/28

f 100/174/28 546/620/28 101/175/28

v -0.140733 1.07057 -3.42646
vt 7.40197 42.1485
f 100/174/28 547/621/28 546/620/28

v -0.140718 1.06506 -3.43098
vt 7.57975 41.9314
f 100/174/28 548/622/28 547/621/28

v -0.140707 1.06136 -3.43405
vt 7.70076 41.7859
f 100/174/28 549/623/28 548/622/28

v -0.140699 1.05874 -3.43653
vt 7.79834 41.6828
f 100/174/28 550/624/28 549/623/28

f 100/174/28 480/554/28 550/624/28

f 100/174/28 458/532/28 480/554/28

usemtl Teddy_DressShadow
vn 0.999994 2.3386e-14 0.00341184
f 472/546/43 543/617/43 544/618/43 545/619/43 546/620/43 547/621/43 548/622/43 549/623/43 550/624/43 480/554/43 479/553/43 478/552/43 477/551/43 476/550/43 475/549/43 474/548/43 473/547/43 

usemtl Teddy_Dress
f 530/604/28 506/580/28 505/579/28

f 530/604/28 505/579/28 504/578/28

f 530/604/28 504/578/28 503/577/28

f 530/604/28 503/577/28 502/576/28

f 530/604/28 502/576/28 501/575/28

f 530/604/28 501/575/28 500/574/28

f 530/604/28 500/574/28 499/573/28

v -0.141836 1.15889 -3.10335
vt -5.31904 45.6254
f 530/604/28 499/573/28 551/625/28

f 551/625/28 499/573/28 498/572/28

v -0.140753 1.17086 -3.42074
vt 7.17672 46.0968
f 498/572/28 552/626/28 551/625/28

f 497/571/28 552/626/28 498/572/28

f 496/570/28 552/626/28 497/571/28

f 495/569/28 552/626/28 496/570/28

f 552/626/28 495/569/28 494/568/28

v -0.141827 1.20938 -3.10604
vt -5.21309 47.6135
f 551/625/28 552/626/28 553/627/28

v -0.140726 1.21845 -3.42858
vt 7.4854 47.9705
f 553/627/28 552/626/28 554/628/28

v -0.141836 1.2431 -3.10323
vt -5.32385 48.9408
f 553/627/28 554/628/28 555/629/28

v -0.140706 1.22891 -3.43438
vt 7.71384 48.3823
f 555/629/28 554/628/28 556/630/28

usemtl FrontColor
vn 0.999994 6.9458e-12 0.00341184
v -0.140717 1.22264 -3.43113
vt 7.58564 48.1353
v -0.140709 1.22695 -3.43345
vt 7.67722 48.3051
f 554/628/44 557/631/44 558/632/44 556/630/44 

usemtl Teddy_Dress
v -0.140702 1.23138 -3.43555
vt 7.7599 48.4794
f 555/629/28 556/630/28 559/633/28

v -0.140696 1.23591 -3.43742
vt 7.83344 48.6577
f 555/629/28 559/633/28 560/634/28

v -0.14069 1.24053 -3.43905
vt 7.89766 48.8396
f 555/629/28 560/634/28 561/635/28

v -0.140686 1.24522 -3.44044
vt 7.95238 49.0246
f 555/629/28 561/635/28 562/636/28

v -0.141803 1.27763 -3.11298
vt -4.93974 50.3004
f 555/629/28 562/636/28 563/637/28

v -0.140682 1.24999 -3.44159
vt 7.99745 49.2121
f 563/637/28 562/636/28 564/638/28

v -0.140679 1.2548 -3.44248
vt 8.03276 49.4018
f 563/637/28 564/638/28 565/639/28

v -0.140676 1.25966 -3.44313
vt 8.05821 49.593
f 563/637/28 565/639/28 566/640/28

v -0.140675 1.26455 -3.44352
vt 8.07373 49.7853
f 563/637/28 566/640/28 567/641/28

v -0.140675 1.26944 -3.44366
vt 8.07928 49.9781
f 563/637/28 567/641/28 568/642/28

v -0.140675 1.27434 -3.44355
vt 8.07485 50.1709
f 563/637/28 568/642/28 569/643/28

v -0.140671 1.27893 -3.44459
vt 8.11555 50.3516
f 563/637/28 569/643/28 570/644/28

v -0.141793 1.30068 -3.11595
vt -4.82278 51.2077
f 563/637/28 570/644/28 571/645/28

v -0.140664 1.28886 -3.44682
vt 8.20363 50.7426
f 571/645/28 570/644/28 572/646/28

usemtl Teddy_DressShadow
vn 0.999994 2.14589e-13 0.00341184
v -0.140594 1.25184 -3.46717
vt 9.00469 49.2849
v -0.140626 1.27378 -3.45791
vt 8.64012 50.1487
v -0.140644 1.30255 -3.45267
vt 8.43385 51.2815
f 572/646/45 570/644/45 573/647/45 574/648/45 575/649/45 

usemtl Teddy_Dress
v -0.140218 1.25851 -3.57744
vt 13.3463 49.5477
f 573/647/28 576/650/28 574/648/28

v -0.140543 1.23793 -3.48236
vt 9.60267 48.7375
f 577/651/28 576/650/28 573/647/28

v -0.140482 1.22004 -3.50009
vt 10.3009 48.033
f 578/652/28 576/650/28 577/651/28

v -0.14039 1.20176 -3.52703
vt 11.3613 47.3135
f 578/652/28 579/653/28 576/650/28

v -0.140434 1.18928 -3.5143
vt 10.8603 46.822
f 579/653/28 578/652/28 580/654/28

v -0.140151 1.215 -3.59701
vt 14.1165 47.8346
f 580/654/28 581/655/28 579/653/28

v -0.14043 1.18174 -3.5155
vt 10.9073 46.5251
f 582/656/28 581/655/28 580/654/28

v -0.140174 1.17932 -3.59052
vt 13.8609 46.4301
f 582/656/28 583/657/28 581/655/28

v -0.140427 1.17655 -3.51632
vt 10.9397 46.3208
f 584/658/28 583/657/28 582/656/28

v -0.140454 1.16145 -3.50822
vt 10.621 45.7266
f 585/659/28 583/657/28 584/658/28

v -0.14048 1.14902 -3.5006
vt 10.3207 45.2369
f 586/660/28 583/657/28 585/659/28

v -0.140493 1.14251 -3.49698
vt 10.1782 44.9809
f 587/661/28 583/657/28 586/660/28

v -0.140474 1.1404 -3.50242
vt 10.3924 44.8976
f 588/662/28 583/657/28 587/661/28

v -0.14045 1.1401 -3.50958
vt 10.6744 44.8857
f 589/663/28 583/657/28 588/662/28

v -0.140425 1.13874 -3.51678
vt 10.9578 44.8323
f 590/664/28 583/657/28 589/663/28

v -0.140238 1.13651 -3.57156
vt 13.1147 44.7445
f 590/664/28 591/665/28 583/657/28

v -0.140402 1.13636 -3.5237
vt 11.2305 44.7387
f 592/666/28 591/665/28 590/664/28

v -0.140379 1.13302 -3.53022
vt 11.487 44.607
f 593/667/28 591/665/28 592/666/28

v -0.140359 1.12877 -3.53619
vt 11.7219 44.4398
f 594/668/28 591/665/28 593/667/28

v -0.140341 1.12371 -3.54148
vt 11.9303 44.2405
f 595/669/28 591/665/28 594/668/28

v -0.140257 1.12299 -3.56619
vt 12.9033 44.2122
f 595/669/28 596/670/28 591/665/28

v -0.140325 1.11794 -3.54599
vt 12.108 44.0134
f 597/671/28 596/670/28 595/669/28

v -0.140321 1.1156 -3.54733
vt 12.1607 43.9212
f 598/672/28 596/670/28 597/671/28

v -0.140316 1.11326 -3.54867
vt 12.2135 43.829
f 599/673/28 596/670/28 598/672/28

v -0.140313 1.11158 -3.54963
vt 12.2511 43.7632
f 600/674/28 596/670/28 599/673/28

v -0.140304 1.10477 -3.55232
vt 12.3569 43.4949
f 601/675/28 596/670/28 600/674/28

v -0.140298 1.09764 -3.55399
vt 12.423 43.2143
f 602/676/28 596/670/28 601/675/28

v -0.140296 1.09035 -3.55463
vt 12.4482 42.927
f 596/670/28 602/676/28 603/677/28

usemtl Teddy_DressShadow
v -0.140346 1.10634 -3.53985
vt 11.866 43.5566
vn 0.999994 -1.2992e-14 0.00341184
v -0.140367 1.09933 -3.53378
vt 11.6271 43.2808
v -0.140318 1.0896 -3.54819
vt 12.1944 42.8978
f 604/678/46 605/679/46 606/680/46 603/677/46 602/676/46 601/675/46 600/674/46 599/673/46 598/672/46 

usemtl Teddy_Skin_
vn 0.999994 5.08915e-15 0.00341184
v -0.140501 1.12602 -3.49458
vt 10.084 44.3315
v -0.140529 1.11467 -3.48625
vt 9.7561 43.8845
v -0.14052 1.11476 -3.48883
vt 9.85766 43.8882
v -0.140503 1.11435 -3.49406
vt 10.0635 43.8719
v -0.140485 1.11333 -3.49921
vt 10.2662 43.8321
v -0.140468 1.11174 -3.50421
vt 10.463 43.7694
v -0.140452 1.10959 -3.50899
vt 10.6513 43.6845
v -0.140436 1.1069 -3.5135
vt 10.8286 43.5787
v -0.140422 1.10371 -3.51766
vt 10.9927 43.4532
v -0.140409 1.10007 -3.52144
vt 11.1413 43.3098
v -0.140398 1.09602 -3.52477
vt 11.2726 43.1504
v -0.140391 1.09311 -3.52666
vt 11.3467 43.0357
f 589/663/47 588/662/47 607/681/47 608/682/47 609/683/47 610/684/47 611/685/47 612/686/47 613/687/47 614/688/47 615/689/47 616/690/47 617/691/47 618/692/47 605/679/47 604/678/47 598/672/47 597/671/47 595/669/47 594/668/47 593/667/47 592/666/47 590/664/47 

usemtl Teddy_Bracelet
v -0.140456 1.07648 -3.50763
vt 10.5978 42.3813
vn 0.999994 -5.74085e-16 0.00341184
v -0.140449 1.07466 -3.50988
vt 10.6863 42.3094
v -0.140423 1.07509 -3.51731
vt 10.9788 42.3264
v -0.140405 1.07737 -3.52281
vt 11.1953 42.4163
v -0.140394 1.08066 -3.52584
vt 11.3144 42.5456
v -0.140388 1.0846 -3.52757
vt 11.3827 42.7007
v -0.140386 1.08876 -3.52837
vt 11.414 42.8644
v -0.140388 1.09161 -3.52762
vt 11.3847 42.9769
v -0.140538 1.11457 -3.48359
vt 9.65127 43.8808
v -0.140544 1.11415 -3.48181
vt 9.58101 43.8643
v -0.140563 1.1114 -3.47645
vt 9.37023 43.756
v -0.140574 1.10885 -3.47315
vt 9.24011 43.6556
v -0.140604 1.10083 -3.46435
vt 8.89351 43.3399
v -0.140614 1.09692 -3.46155
vt 8.78354 43.1857
v -0.140611 1.09459 -3.46238
vt 8.81614 43.0942
v -0.140604 1.09238 -3.46437
vt 8.89447 43.007
v -0.140594 1.09207 -3.4672
vt 9.00576 42.9948
v -0.140546 1.08919 -3.48139
vt 9.56454 42.8815
v -0.140507 1.08519 -3.49289
vt 10.0173 42.7242
v -0.140491 1.08307 -3.49752
vt 10.1995 42.6405
v -0.140475 1.08094 -3.50215
vt 10.3818 42.5568
f 619/693/48 620/694/48 621/695/48 622/696/48 623/697/48 624/698/48 625/699/48 626/700/48 618/692/48 617/691/48 616/690/48 615/689/48 614/688/48 613/687/48 612/686/48 611/685/48 610/684/48 609/683/48 608/682/48 627/701/48 628/702/48 629/703/48 630/704/48 631/705/48 632/706/48 633/707/48 634/708/48 635/709/48 636/710/48 637/711/48 638/712/48 639/713/48 

usemtl Teddy_Skin_
v -0.140622 1.09201 -3.45902
vt 8.6839 42.9924
vn 0.999994 -5.43733e-15 0.00341184
v -0.140584 1.05558 -3.4701
vt 9.12026 41.5582
v -0.140561 1.05785 -3.47695
vt 9.38976 41.6476
v -0.140549 1.05901 -3.48036
vt 9.52417 41.6933
v -0.140488 1.06984 -3.49823
vt 10.2276 42.1197
v -0.140472 1.07334 -3.50318
vt 10.4226 42.2574
v -0.14049 1.07763 -3.49764
vt 10.2044 42.4265
f 640/714/49 488/562/49 487/561/49 486/560/49 485/559/49 641/715/49 642/716/49 643/717/49 644/718/49 645/719/49 646/720/49 637/711/49 636/710/49 635/709/49 634/708/49 

usemtl Teddy_BraceletShadow_
vn 0.999994 4.83803e-15 0.00341184
f 639/713/50 638/712/50 637/711/50 646/720/50 645/719/50 619/693/50 

usemtl Teddy_Dress
v -0.140487 1.14003 -3.49862
vt 10.2429 44.8832
f 587/661/28 647/721/28 588/662/28

v -0.140268 1.21151 -3.56294
vt 12.7751 47.6971
f 579/653/28 581/655/28 648/722/28

v -0.140192 1.21514 -3.58497
vt 13.6424 47.8401
f 648/722/28 581/655/28 649/723/28

usemtl Teddy_DressDepth
vn 0.999994 2.84277e-14 0.00341184
f 581/655/51 576/650/51 579/653/51 648/722/51 649/723/51 

usemtl Teddy_Dress
v -0.140424 1.34064 -3.51707
vt 10.9694 52.781
f 574/648/28 576/650/28 650/724/28

f 574/648/28 650/724/28 575/649/28

v -0.141153 1.33082 -3.30348
vt 2.56015 52.3943
f 575/649/28 650/724/28 651/725/28

v -0.141148 1.33122 -3.30491
vt 2.61649 52.4103
f 651/725/28 650/724/28 652/726/28

v -0.141144 1.3319 -3.30606
vt 2.6617 52.4369
f 652/726/28 650/724/28 653/727/28

v -0.14114 1.33303 -3.30723
vt 2.70788 52.4814
f 653/727/28 650/724/28 654/728/28

v -0.141134 1.3356 -3.30911
vt 2.7817 52.5828
f 654/728/28 650/724/28 655/729/28

v -0.141053 1.33935 -3.33262
vt 3.70764 52.7303
f 655/729/28 650/724/28 656/730/28

v -0.140934 1.34618 -3.36769
vt 5.08811 52.9991
f 656/730/28 650/724/28 657/731/28

v -0.14043 1.34281 -3.51547
vt 10.9065 52.8666
f 657/731/28 650/724/28 658/732/28

v -0.1405 1.37102 -3.49474
vt 10.09 53.9773
f 657/731/28 658/732/28 659/733/28

v -0.140826 1.35472 -3.3993
vt 6.33272 53.3353
f 657/731/28 659/733/28 660/734/28

v -0.140721 1.3656 -3.43019
vt 7.54862 53.7638
f 660/734/28 659/733/28 661/735/28

v -0.140642 1.37917 -3.45329
vt 8.45817 54.298
f 661/735/28 659/733/28 662/736/28

v -0.140524 1.38039 -3.48785
vt 9.81898 54.3459
f 662/736/28 659/733/28 663/737/28

v -0.140586 1.39195 -3.46974
vt 9.1061 54.8013
f 662/736/28 663/737/28 664/738/28

v -0.140547 1.38975 -3.48097
vt 9.54799 54.7145
f 664/738/28 663/737/28 665/739/28

v -0.140554 1.39178 -3.47909
vt 9.47396 54.7947
f 664/738/28 665/739/28 666/740/28

v -0.140574 1.39808 -3.47327
vt 9.24496 55.0425
f 664/738/28 666/740/28 667/741/28

usemtl Teddy_DressDepth
v -0.141104 1.41181 -3.31773
vt 3.12124 55.5831
vn 0.999994 -1.39788e-14 0.00341184
v -0.141105 1.41036 -3.31756
vt 3.11448 55.5258
v -0.141105 1.4089 -3.31739
vt 3.10773 55.4685
v -0.141112 1.40419 -3.31549
vt 3.03303 55.2832
v -0.141117 1.4034 -3.31411
vt 2.97856 55.2522
v -0.14112 1.40355 -3.31305
vt 2.93685 55.2578
v -0.141122 1.40142 -3.31245
vt 2.91351 55.1739
v -0.141123 1.39941 -3.31222
vt 2.90442 55.0949
v -0.141122 1.39044 -3.31255
vt 2.91729 54.7417
v -0.141118 1.35187 -3.3136
vt 2.95874 53.2231
v -0.141118 1.35035 -3.3136
vt 2.95856 53.1634
v -0.141119 1.34844 -3.3135
vt 2.95468 53.0884
v -0.14112 1.34506 -3.31299
vt 2.93455 52.9551
v -0.141124 1.34176 -3.31208
vt 2.89862 52.8252
v -0.141128 1.33859 -3.31078
vt 2.84743 52.7005
v -0.140672 1.42916 -3.44456
vt 8.1144 56.2662
v -0.140701 1.43431 -3.43594
vt 7.7751 56.4688
v -0.14071 1.43592 -3.43325
vt 7.66918 56.5321
v -0.140739 1.44093 -3.42486
vt 7.33882 56.7294
v -0.140796 1.44477 -3.40821
vt 6.68341 56.8808
v -0.140806 1.44548 -3.40514
vt 6.56265 56.9087
v -0.140853 1.43629 -3.39134
vt 6.0194 56.547
v -0.140877 1.43058 -3.38435
vt 5.74405 56.3221
v -0.140903 1.42563 -3.3768
vt 5.44675 56.1271
v -0.14093 1.42149 -3.36877
vt 5.13073 55.9642
v -0.140959 1.41821 -3.36036
vt 4.79945 55.8351
v -0.140989 1.41583 -3.35165
vt 4.4565 55.7413
v -0.141019 1.41437 -3.34273
vt 4.10565 55.6837
v -0.14105 1.41384 -3.33372
vt 3.7507 55.6631
v -0.14108 1.41426 -3.3247
vt 3.39553 55.6795
v -0.141089 1.41427 -3.32213
vt 3.29434 55.68
v -0.141095 1.41389 -3.32053
vt 3.23139 55.6649
v -0.1411 1.4131 -3.31908
vt 3.17453 55.6339
f 668/742/52 669/743/52 670/744/52 671/745/52 672/746/52 673/747/52 674/748/52 675/749/52 676/750/52 677/751/52 678/752/52 679/753/52 680/754/52 681/755/52 682/756/52 655/729/52 656/730/52 657/731/52 660/734/52 661/735/52 662/736/52 664/738/52 667/741/52 683/757/52 684/758/52 685/759/52 686/760/52 687/761/52 688/762/52 689/763/52 690/764/52 691/765/52 692/766/52 693/767/52 694/768/52 695/769/52 696/770/52 697/771/52 698/772/52 699/773/52 700/774/52 

usemtl Teddy_Bracelet
v -0.141236 1.40897 -3.27913
vt 1.60162 55.4714
vn 0.999994 -1.17372e-13 0.00341184
v -0.141236 1.40792 -3.27926
vt 1.60648 55.4298
v -0.141229 1.40686 -3.28106
vt 1.67763 55.3883
v -0.141226 1.4068 -3.2821
vt 1.71828 55.3858
v -0.141203 1.40638 -3.28879
vt 1.98196 55.3692
v -0.141171 1.40545 -3.29831
vt 2.35653 55.3327
v -0.141138 1.40426 -3.30779
vt 2.72993 55.2858
v -0.141116 1.41252 -3.31439
vt 2.98955 55.6111
v -0.141141 1.41372 -3.30688
vt 2.69402 55.6582
v -0.141195 1.41539 -3.29104
vt 2.07027 55.7242
v -0.141227 1.41504 -3.2819
vt 1.71052 55.7102
v -0.141233 1.41463 -3.28
vt 1.63576 55.694
v -0.141235 1.41278 -3.27942
vt 1.61283 55.6212
v -0.141236 1.41016 -3.27906
vt 1.59881 55.518
f 701/775/53 702/776/53 703/777/53 704/778/53 705/779/53 706/780/53 707/781/53 673/747/53 672/746/53 671/745/53 670/744/53 669/743/53 668/742/53 708/782/53 709/783/53 710/784/53 711/785/53 712/786/53 713/787/53 714/788/53 

usemtl Teddy_DressDepth
vn 0.999994 1.46795e-14 0.00341184
v -0.141238 1.4162 -3.2786
vt 1.58083 55.7558
v -0.141242 1.41732 -3.27725
vt 1.52755 55.7999
v -0.141248 1.41821 -3.27574
vt 1.46809 55.8352
v -0.141253 1.41887 -3.27411
vt 1.40389 55.8609
v -0.141277 1.42109 -3.26699
vt 1.12338 55.9485
v -0.141305 1.42381 -3.25901
vt 0.809424 56.0556
v -0.141331 1.42695 -3.25119
vt 0.501513 56.1791
v -0.141357 1.43049 -3.24354
vt 0.200495 56.3186
v -0.141383 1.43443 -3.23609
vt -0.0928015 56.4736
v -0.141407 1.43875 -3.22886
vt -0.377571 56.6438
v -0.141411 1.43935 -3.22797
vt -0.412506 56.6672
v -0.141431 1.44345 -3.22186
vt -0.653032 56.8287
v -0.141454 1.4485 -3.21512
vt -0.918426 57.0277
v -0.141476 1.45391 -3.20866
vt -1.17302 57.2404
v -0.141493 1.45753 -3.20385
vt -1.36245 57.3832
v -0.141579 1.4717 -3.17853
vt -2.35927 57.941
v -0.141607 1.47527 -3.17049
vt -2.67559 58.0817
v -0.141684 1.47754 -3.14775
vt -3.57113 58.1709
v -0.141741 1.47832 -3.13102
vt -4.22951 58.2017
v -0.141796 1.47442 -3.1151
vt -4.85629 58.0481
v -0.14185 1.47052 -3.09918
vt -5.48307 57.8944
v -0.141914 1.45634 -3.08053
vt -6.21738 57.3362
v -0.141978 1.42775 -3.06156
vt -6.9641 56.2106
v -0.141882 1.40363 -3.0899
vt -5.84833 55.2612
v -0.141762 1.38115 -3.125
vt -4.46679 54.376
v -0.141639 1.36323 -3.16097
vt -3.05049 53.6706
v -0.141462 1.34485 -3.21288
vt -1.00669 52.9467
v -0.141328 1.33625 -3.25214
vt 0.538888 52.6082
v -0.141206 1.33409 -3.2878
vt 1.94273 52.5232
v -0.141167 1.33439 -3.29921
vt 2.39201 52.5351
v -0.141222 1.36867 -3.2831
vt 1.75769 53.8845
f 703/777/54 702/776/54 701/775/54 714/788/54 713/787/54 712/786/54 715/789/54 716/790/54 717/791/54 718/792/54 719/793/54 720/794/54 721/795/54 722/796/54 723/797/54 724/798/54 725/799/54 726/800/54 727/801/54 728/802/54 729/803/54 730/804/54 731/805/54 732/806/54 733/807/54 734/808/54 735/809/54 736/810/54 737/811/54 738/812/54 739/813/54 740/814/54 741/815/54 742/816/54 743/817/54 744/818/54 745/819/54 704/778/54 

usemtl Teddy_Skin_
v -0.141448 1.45624 -3.21689
vt -0.848941 57.3322
vn 0.999994 2.03204e-14 0.00341184
v -0.140942 1.42822 -3.36519
vt 4.98971 56.229
v -0.140968 1.425 -3.35773
vt 4.69592 56.1025
v -0.140995 1.42312 -3.34982
vt 4.38477 56.0284
v -0.141022 1.42263 -3.34171
vt 4.06551 56.009
v -0.14105 1.42354 -3.33364
vt 3.74766 56.0447
v -0.141077 1.42582 -3.32584
vt 3.44069 56.1346
v -0.141101 1.42941 -3.31856
vt 3.15374 56.2759
v -0.141124 1.4342 -3.31199
vt 2.89537 56.4644
v -0.141134 1.43715 -3.30914
vt 2.78308 56.5808
v -0.141137 1.43811 -3.30809
vt 2.74159 56.6185
v -0.141143 1.44004 -3.30635
vt 2.67327 56.6946
v -0.141148 1.44214 -3.30482
vt 2.61299 56.7772
v -0.141153 1.44438 -3.30351
vt 2.56136 56.8654
v -0.141156 1.44674 -3.30243
vt 2.5189 56.9584
v -0.141159 1.4492 -3.3016
vt 2.48605 57.0552
v -0.141161 1.45173 -3.30102
vt 2.46316 57.1549
v -0.141162 1.45431 -3.30069
vt 2.45044 57.2563
v -0.141163 1.45749 -3.30064
vt 2.44856 57.3813
v -0.141162 1.459 -3.30068
vt 2.44982 57.4409
v -0.141162 1.46142 -3.30091
vt 2.45912 57.5361
v -0.14116 1.46381 -3.30133
vt 2.47567 57.6303
v -0.141158 1.46616 -3.30193
vt 2.49935 57.723
v -0.141156 1.46846 -3.30271
vt 2.53004 57.8135
v -0.141152 1.4707 -3.30367
vt 2.56754 57.9015
v -0.141148 1.47285 -3.30479
vt 2.61165 57.9864
v -0.141144 1.47499 -3.306
vt 2.65945 58.0703
v -0.141124 1.48549 -3.31198
vt 2.89482 58.4837
v -0.141119 1.48816 -3.31342
vt 2.95152 58.5891
v -0.141115 1.49091 -3.31473
vt 3.00309 58.6971
v -0.14111 1.49371 -3.31591
vt 3.04941 58.8075
v -0.141107 1.49657 -3.31695
vt 3.09038 58.9199
v -0.141104 1.49947 -3.31785
vt 3.12591 59.0342
v -0.141101 1.50241 -3.31861
vt 3.15591 59.15
v -0.141099 1.50539 -3.31923
vt 3.18031 59.2672
v -0.141098 1.50839 -3.31971
vt 3.19905 59.3854
v -0.141097 1.50993 -3.31991
vt 3.20717 59.446
v -0.141116 1.5063 -3.31436
vt 2.98835 59.3033
v -0.141147 1.50357 -3.30513
vt 2.62528 59.1956
v -0.141164 1.50291 -3.30012
vt 2.42783 59.1698
v -0.141182 1.5025 -3.29508
vt 2.22938 59.1534
v -0.141199 1.50232 -3.29002
vt 2.03037 59.1465
v -0.141216 1.50239 -3.28497
vt 1.83126 59.149
v -0.141233 1.50269 -3.27992
vt 1.63249 59.1611
v -0.14125 1.50324 -3.27489
vt 1.43452 59.1825
v -0.141267 1.50402 -3.26989
vt 1.2378 59.2133
vn 0.999994 3.60524e-14 0.00341184
v -0.141273 1.50445 -3.26829
vt 1.17492 59.2304
v -0.141278 1.50497 -3.26672
vt 1.11304 59.2508
v -0.141284 1.50557 -3.26518
vt 1.05232 59.2744
v -0.141289 1.50625 -3.26367
vt 0.992936 59.3012
v -0.141294 1.50701 -3.2622
vt 0.93505 59.3312
v -0.141299 1.50785 -3.26077
vt 0.878827 59.3641
v -0.141303 1.50876 -3.25939
vt 0.824422 59.3999
v -0.141308 1.50974 -3.25806
vt 0.771989 59.4386
v -0.141312 1.51079 -3.25678
vt 0.721672 59.48
v -0.141316 1.51191 -3.25556
vt 0.673614 59.524
v -0.14132 1.51309 -3.2544
vt 0.627948 59.5705
v -0.141324 1.51433 -3.25331
vt 0.584803 59.6193
v -0.14136 1.52511 -3.24279
vt 0.170681 60.0437
v -0.141402 1.53499 -3.23034
vt -0.319545 60.4327
v -0.141407 1.53635 -3.22905
vt -0.370237 60.4862
v -0.141409 1.53721 -3.22838
vt -0.39655 60.52
v -0.141411 1.53811 -3.22777
vt -0.420536 60.5554
v -0.141413 1.53905 -3.22722
vt -0.442085 60.5924
v -0.141415 1.54002 -3.22674
vt -0.461101 60.6307
v -0.141416 1.54102 -3.22632
vt -0.477498 60.6702
v -0.141417 1.54205 -3.22598
vt -0.491201 60.7107
v -0.141423 1.5471 -3.22445
vt -0.551051 60.9096
v -0.141424 1.54473 -3.22403
vt -0.567838 60.8163
v -0.141426 1.54083 -3.22345
vt -0.5905 60.6627
v -0.141427 1.5369 -3.22312
vt -0.603468 60.508
v -0.141427 1.53296 -3.22304
vt -0.606693 60.3528
v -0.141427 1.52902 -3.22321
vt -0.600161 60.1977
v -0.141425 1.5251 -3.22362
vt -0.583897 60.0433
v -0.141423 1.52121 -3.22428
vt -0.557967 59.8903
v -0.14142 1.51738 -3.22518
vt -0.522472 59.7392
v -0.141416 1.5136 -3.22632
vt -0.477553 59.5906
v -0.141405 1.50357 -3.2297
vt -0.344497 59.1957
v -0.141402 1.50086 -3.23055
vt -0.311121 59.0891
v -0.141399 1.49812 -3.23128
vt -0.282408 58.9811
v -0.141397 1.49535 -3.23189
vt -0.258411 58.8719
v -0.141395 1.49255 -3.23238
vt -0.239175 58.7618
v -0.141394 1.48974 -3.23274
vt -0.224736 58.651
v -0.141393 1.48691 -3.23299
vt -0.215123 58.5397
v -0.141393 1.48407 -3.23311
vt -0.210352 58.428
v -0.141393 1.48123 -3.23311
vt -0.210434 58.3163
v -0.141393 1.47889 -3.23303
vt -0.213402 58.2239
v -0.141394 1.47655 -3.2328
vt -0.222677 58.1319
v -0.141395 1.47424 -3.2324
vt -0.238215 58.0408
v -0.141397 1.47195 -3.23185
vt -0.259944 57.951
v -0.1414 1.46972 -3.23114
vt -0.287761 57.8628
v -0.141403 1.46753 -3.23028
vt -0.321538 57.7768
v -0.141406 1.46541 -3.22928
vt -0.361116 57.6932
v -0.14141 1.4637 -3.22827
vt -0.400932 57.6258
v -0.141414 1.46211 -3.22707
vt -0.448148 57.5634
v -0.141418 1.46067 -3.2257
vt -0.502155 57.5067
v -0.141423 1.4594 -3.22417
vt -0.562251 57.4565
v -0.141429 1.4583 -3.22251
vt -0.627658 57.4135
v -0.141435 1.45741 -3.22073
vt -0.69753 57.3782
v -0.141443 1.45661 -3.21831
vt -0.793165 57.3468
f 746/820/55 728/802/55 727/801/55 726/800/55 725/799/55 724/798/55 723/797/55 722/796/55 721/795/55 720/794/55 719/793/55 718/792/55 717/791/55 716/790/55 715/789/55 712/786/55 711/785/55 710/784/55 709/783/55 708/782/55 668/742/55 700/774/55 699/773/55 698/772/55 697/771/55 696/770/55 695/769/55 694/768/55 693/767/55 692/766/55 691/765/55 690/764/55 689/763/55 747/821/55 748/822/55 749/823/55 750/824/55 751/825/55 752/826/55 753/827/55 754/828/55 755/829/55 756/830/55 757/831/55 758/832/55 759/833/55 760/834/55 761/835/55 762/836/55 763/837/55 764/838/55 765/839/55 766/840/55 767/841/55 768/842/55 769/843/55 770/844/55 771/845/55 772/846/55 773/847/55 774/848/55 775/849/55 776/850/55 777/851/55 778/852/55 779/853/55 780/854/55 781/855/55 782/856/55 783/857/55 784/858/55 785/859/55 786/860/55 787/861/55 788/862/55 789/863/55 790/864/55 791/865/56 792/866/56 793/867/56 794/868/56 795/869/56 796/870/56 797/871/56 798/872/56 799/873/56 800/874/56 801/875/56 802/876/56 803/877/56 804/878/55 805/879/55 806/880/56 807/881/56 808/882/56 809/883/56 810/884/56 811/885/56 812/886/56 813/887/55 814/888/55 815/889/55 816/890/55 817/891/55 818/892/55 819/893/55 820/894/55 821/895/55 822/896/55 823/897/55 824/898/55 825/899/55 826/900/55 827/901/55 828/902/55 829/903/55 830/904/55 831/905/55 832/906/55 833/907/55 834/908/55 835/909/55 836/910/55 837/911/55 838/912/55 839/913/55 840/914/55 841/915/55 842/916/55 843/917/55 844/918/55 845/919/55 

usemtl Teddy_Hair
vn 0.999994 -2.02591e-14 0.00341184
v -0.141421 1.54913 -3.22488
vt -0.534464 60.9892
v -0.141426 1.55151 -3.22329
vt -0.596957 61.083
v -0.141431 1.55449 -3.22186
vt -0.653213 61.2003
v -0.141438 1.55869 -3.22005
vt -0.724371 61.3658
v -0.141444 1.56395 -3.21815
vt -0.799082 61.5729
v -0.141449 1.56931 -3.21657
vt -0.861286 61.784
v -0.141454 1.57476 -3.21532
vt -0.910762 61.9985
v -0.141457 1.58028 -3.21439
vt -0.947333 62.2156
v -0.141459 1.58584 -3.21379
vt -0.970869 62.4345
v -0.14146 1.59142 -3.21353
vt -0.981285 62.6544
v -0.14146 1.59701 -3.2136
vt -0.978544 62.8745
v -0.141458 1.60259 -3.214
vt -0.962656 63.0941
v -0.141456 1.60813 -3.21474
vt -0.933678 63.3123
v -0.141452 1.61362 -3.2158
vt -0.891712 63.5284
v -0.141451 1.6216 -3.21616
vt -0.877734 63.8427
v -0.141515 1.59957 -3.19735
vt -1.61818 62.9752
v -0.14152 1.56983 -3.19601
vt -1.67077 61.8044
v -0.14152 1.55048 -3.19599
vt -1.67155 61.0426
v -0.141499 1.51679 -3.20205
vt -1.43309 59.716
v -0.141545 1.49681 -3.18847
vt -1.96761 58.9296
v -0.141625 1.48797 -3.16502
vt -2.8911 58.5815
vn 0.999994 -1.18979e-14 0.00341184
f 845/919/57 844/918/57 843/917/57 842/916/57 841/915/57 840/914/57 839/913/57 838/912/57 837/911/57 836/910/57 835/909/57 834/908/57 833/907/57 832/906/57 831/905/57 830/904/57 829/903/57 828/902/57 827/901/57 826/900/57 825/899/57 824/898/57 823/897/57 822/896/57 821/895/57 820/894/57 819/893/57 818/892/57 817/891/57 816/890/57 815/889/57 814/888/57 813/887/57 846/920/57 847/921/57 848/922/57 849/923/57 850/924/57 851/925/57 852/926/57 853/927/57 854/928/57 855/929/57 856/930/57 857/931/57 858/932/57 859/933/57 860/934/57 861/935/57 862/936/57 863/937/57 864/938/57 865/939/57 866/940/58 732/806/58 731/805/57 730/804/57 729/803/57 728/802/57 746/820/57 

usemtl Teddy_SkinShadow_
vn 0.999994 5.17843e-14 0.00341184
v -0.141093 1.51502 -3.32102
vt 3.2507 59.6466
v -0.141091 1.51717 -3.32149
vt 3.26909 59.7313
v -0.141103 1.51446 -3.31822
vt 3.14062 59.6245
v -0.141122 1.51156 -3.31245
vt 2.91342 59.5104
v -0.141144 1.51005 -3.30617
vt 2.66629 59.4508
v -0.141161 1.50915 -3.30111
vt 2.46695 59.4152
v -0.141196 1.50875 -3.29083
vt 2.06228 59.3994
v -0.141231 1.50976 -3.2806
vt 1.65929 59.4394
v -0.141238 1.51002 -3.27852
vt 1.57738 59.4495
v -0.141245 1.5104 -3.27646
vt 1.49621 59.4644
v -0.141252 1.5109 -3.27442
vt 1.41606 59.4841
v -0.141259 1.51151 -3.27242
vt 1.33722 59.5084
v -0.141266 1.51225 -3.27045
vt 1.25996 59.5374
v -0.141272 1.5131 -3.26854
vt 1.18455 59.571
v -0.141278 1.51407 -3.26668
vt 1.11125 59.6089
v -0.141285 1.51514 -3.26488
vt 1.04032 59.651
v -0.141291 1.51631 -3.26314
vt 0.972005 59.6973
v -0.141296 1.51759 -3.26148
vt 0.906552 59.7476
v -0.141328 1.52513 -3.25226
vt 0.543617 60.0443
v -0.141351 1.53087 -3.24542
vt 0.274284 60.2704
v -0.141379 1.53738 -3.23729
vt -0.0459141 60.5268
v -0.141406 1.54391 -3.22916
vt -0.36566 60.7837
f 785/859/59 784/858/59 783/857/59 782/856/59 867/941/59 868/942/59 869/943/59 870/944/59 871/945/59 872/946/59 873/947/59 874/948/59 875/949/59 876/950/59 877/951/59 878/952/59 879/953/59 880/954/59 881/955/59 882/956/59 883/957/59 884/958/59 885/959/59 886/960/59 887/961/59 888/962/59 846/920/59 813/887/59 812/886/56 811/885/56 810/884/56 809/883/56 808/882/56 807/881/56 806/880/56 805/879/59 804/878/59 803/877/56 802/876/56 801/875/56 800/874/56 799/873/56 798/872/56 797/871/56 796/870/56 795/869/56 794/868/56 793/867/56 792/866/56 791/865/56 790/864/59 789/863/59 788/862/59 787/861/59 786/860/59 

usemtl Teddy_Hair
v -0.140807 1.45573 -3.40482
vt 6.5498 57.3122
vn 0.999994 2.14059e-14 0.00341184
v -0.140869 1.48459 -3.38674
vt 5.83827 58.4486
v -0.140882 1.49447 -3.38275
vt 5.68114 58.8375
v -0.140888 1.50012 -3.38111
vt 5.6166 59.0597
v -0.140887 1.50327 -3.38153
vt 5.63313 59.184
v -0.140877 1.50901 -3.38438
vt 5.74531 59.4099
v -0.140852 1.52146 -3.3918
vt 6.03721 59.9001
v -0.140836 1.52925 -3.39643
vt 6.21982 60.2069
v -0.140831 1.53141 -3.39771
vt 6.27025 60.2916
v -0.140824 1.53494 -3.39982
vt 6.35303 60.4306
v -0.140801 1.55608 -3.40674
vt 6.62561 61.2631
v -0.140797 1.58203 -3.40785
vt 6.6692 62.2848
v -0.140813 1.59909 -3.40319
vt 6.48587 62.9563
v -0.140847 1.61572 -3.39318
vt 6.09153 63.6109
v -0.140901 1.64191 -3.3774
vt 5.47045 64.642
v -0.140905 1.6442 -3.37602
vt 5.41616 64.7322
v -0.140915 1.60282 -3.37313
vt 5.30247 63.103
v -0.140981 1.57741 -3.35376
vt 4.53955 62.1028
v -0.140973 1.54615 -3.35609
vt 4.63153 60.8719
v -0.140942 1.52641 -3.36533
vt 4.99511 60.095
v -0.140929 1.52407 -3.36913
vt 5.14477 60.0028
v -0.140909 1.50564 -3.37503
vt 5.37698 59.2772
v -0.140909 1.49993 -3.37503
vt 5.37698 59.0525
v -0.14094 1.48635 -3.36589
vt 5.01727 58.5176
v -0.140977 1.47858 -3.35497
vt 4.58748 58.212
v -0.141007 1.48672 -3.34628
vt 4.24537 58.5325
v -0.141021 1.50564 -3.34221
vt 4.08495 59.2772
v -0.141021 1.52499 -3.34221
vt 4.08495 60.039
v -0.141026 1.55314 -3.34075
vt 4.02755 61.1471
v -0.141027 1.55175 -3.34027
vt 4.00865 61.0925
v -0.141032 1.54833 -3.339
vt 3.95865 60.9579
v -0.141036 1.54494 -3.33765
vt 3.90565 60.8244
v -0.141041 1.54158 -3.33623
vt 3.84968 60.6921
v -0.141046 1.53825 -3.33474
vt 3.79077 60.5611
v -0.141052 1.53496 -3.33317
vt 3.72894 60.4315
v -0.141057 1.5317 -3.33152
vt 3.66423 60.3033
v -0.141063 1.52848 -3.32981
vt 3.59666 60.1766
v -0.141069 1.5253 -3.32802
vt 3.52628 60.0514
v -0.141072 1.52374 -3.32709
vt 3.4897 59.9896
v -0.141086 1.51859 -3.32319
vt 3.3361 59.787
v -0.140806 1.44683 -3.40514
vt 6.56265 56.962
v -0.140803 1.4505 -3.40603
vt 6.59775 57.1064
f 889/963/60 890/964/60 891/965/60 892/966/60 893/967/60 894/968/60 895/969/60 896/970/60 897/971/60 898/972/60 899/973/60 900/974/60 901/975/60 902/976/60 903/977/60 904/978/60 905/979/60 906/980/60 907/981/60 908/982/60 909/983/60 910/984/60 911/985/60 912/986/60 913/987/60 914/988/60 915/989/60 916/990/60 917/991/60 918/992/60 919/993/60 920/994/60 921/995/60 922/996/60 923/997/60 924/998/60 925/999/60 926/1000/60 927/1001/60 928/1002/60 868/942/60 867/941/60 782/856/60 781/855/60 780/854/60 779/853/60 778/852/60 777/851/60 776/850/60 775/849/60 774/848/60 773/847/60 772/846/60 771/845/60 770/844/60 769/843/60 768/842/60 767/841/60 766/840/60 765/839/60 764/838/60 763/837/60 762/836/60 761/835/60 760/834/60 759/833/60 758/832/60 757/831/60 756/830/60 755/829/60 754/828/60 753/827/60 752/826/60 751/825/60 750/824/60 749/823/60 748/822/60 747/821/60 689/763/60 688/762/60 929/1003/60 930/1004/60 

usemtl Teddy_Brim
v -0.140641 1.62426 -3.45365
vt 8.47234 63.9473
vn 0.999994 6.30015e-15 0.00341184
v -0.140644 1.6355 -3.45259
vt 8.43081 64.3899
v -0.140711 1.64257 -3.43288
vt 7.65463 64.6681
v -0.140797 1.64499 -3.40769
vt 6.66298 64.7633
v -0.140915 1.64886 -3.37321
vt 5.30564 64.9156
v -0.140834 1.52459 -3.39698
vt 6.24121 60.0232
v -0.140813 1.52853 -3.40317
vt 6.48519 60.1782
v -0.140792 1.53274 -3.40918
vt 6.72179 60.3442
v -0.140772 1.53723 -3.41499
vt 6.95051 60.5209
v -0.140753 1.54198 -3.42059
vt 7.17086 60.7079
v -0.140735 1.54698 -3.42596
vt 7.38237 60.9049
v -0.140717 1.55223 -3.4311
vt 7.58461 61.1114
v -0.140687 1.56531 -3.43998
vt 7.93408 61.6263
v -0.14068 1.5696 -3.44204
vt 8.01526 61.7952
v -0.140665 1.57995 -3.44655
vt 8.19293 62.2027
v -0.140653 1.5907 -3.45
vt 8.32863 62.626
v -0.140645 1.60175 -3.45234
vt 8.42099 63.0608
v -0.140641 1.61297 -3.45356
vt 8.46905 63.5028
f 931/1005/61 932/1006/61 933/1007/61 934/1008/61 935/1009/61 904/978/61 903/977/61 902/976/61 901/975/61 900/974/61 899/973/61 898/972/61 897/971/61 896/970/61 895/969/61 936/1010/61 937/1011/61 938/1012/61 939/1013/61 940/1014/61 941/1015/61 942/1016/61 943/1017/61 944/1018/61 945/1019/61 946/1020/61 947/1021/61 948/1022/61 

usemtl Teddy_Brim2
v -0.140649 1.64317 -3.45128
vt 8.37898 64.6916
vn 0.999994 -1.33163e-13 0.00341184
v -0.140651 1.64454 -3.45069
vt 8.35578 64.7456
v -0.140653 1.64582 -3.44993
vt 8.32603 64.7962
v -0.140662 1.64972 -3.4473
vt 8.22244 64.9498
v -0.14068 1.65752 -3.44204
vt 8.01526 65.2568
v -0.140684 1.65899 -3.44095
vt 7.9725 65.3147
v -0.140688 1.66036 -3.43973
vt 7.92453 65.3684
v -0.140693 1.6616 -3.43839
vt 7.87176 65.4174
v -0.140698 1.66271 -3.43694
vt 7.81466 65.4612
v -0.140703 1.66369 -3.43539
vt 7.75371 65.4995
v -0.140708 1.66451 -3.43376
vt 7.68946 65.532
v -0.140726 1.6668 -3.42866
vt 7.48862 65.6219
v -0.140746 1.66984 -3.42266
vt 7.25249 65.7418
v -0.14076 1.67213 -3.41867
vt 7.09544 65.8318
v -0.140823 1.66799 -3.40016
vt 6.36641 65.6688
v -0.14098 1.67089 -3.35411
vt 4.5534 65.7831
v -0.140939 1.65817 -3.36604
vt 5.02324 65.2823
v -0.140925 1.65352 -3.37041
vt 5.19513 65.0991
v -0.140646 1.64011 -3.45193
vt 8.40453 64.5711
v -0.140647 1.64173 -3.45169
vt 8.39526 64.6351
f 949/1023/62 950/1024/62 951/1025/62 952/1026/62 953/1027/62 954/1028/62 955/1029/62 956/1030/62 957/1031/62 958/1032/62 959/1033/62 960/1034/62 961/1035/62 962/1036/62 963/1037/62 964/1038/62 965/1039/62 966/1040/62 935/1009/62 934/1008/62 933/1007/62 932/1006/62 967/1041/62 968/1042/62 

usemtl Teddy_Brim
vn 0.999994 -7.74815e-14 0.00341184
v -0.140781 1.67599 -3.41248
vt 6.85154 65.9839
v -0.140792 1.67797 -3.40931
vt 6.72666 66.0618
v -0.140823 1.68452 -3.40025
vt 6.36994 66.3197
v -0.140852 1.69167 -3.39165
vt 6.03163 66.6012
v -0.14088 1.69939 -3.38357
vt 5.71331 66.9052
v -0.140896 1.70401 -3.37866
vt 5.51994 67.0869
v -0.140914 1.70819 -3.37337
vt 5.31194 67.2517
v -0.140934 1.71192 -3.36776
vt 5.09078 67.3983
v -0.140952 1.69917 -3.36224
vt 4.87365 66.8963
v -0.141041 1.68173 -3.3363
vt 3.85214 66.21
v -0.140994 1.67517 -3.35009
vt 4.39532 65.9516
f 962/1036/63 969/1043/63 970/1044/63 971/1045/63 972/1046/63 973/1047/63 974/1048/63 975/1049/63 976/1050/63 977/1051/63 978/1052/63 979/1053/63 964/1038/63 963/1037/63 

usemtl Teddy_Brim2
vn 0.999994 -4.52646e-14 0.00341184
v -0.140954 1.71515 -3.36185
vt 4.85805 67.5257
v -0.140975 1.71788 -3.35568
vt 4.6154 67.6331
v -0.140997 1.72008 -3.34931
vt 4.36456 67.7196
v -0.141019 1.72204 -3.34273
vt 4.10562 67.7969
v -0.1411 1.7202 -3.3191
vt 3.17507 67.7245
v -0.141125 1.71941 -3.31174
vt 2.88555 67.6933
v -0.14115 1.71818 -3.30445
vt 2.59843 67.6447
v -0.141174 1.71651 -3.29724
vt 2.31472 67.5791
v -0.141198 1.71441 -3.29015
vt 2.03544 67.4966
v -0.141222 1.7119 -3.2832
vt 1.76161 67.3975
v -0.141245 1.70897 -3.2764
vt 1.49419 67.2823
v -0.141264 1.70662 -3.27102
vt 1.28234 67.1899
v -0.141282 1.70456 -3.26553
vt 1.06603 67.1086
v -0.141301 1.70278 -3.25994
vt 0.845819 67.0384
v -0.141321 1.70128 -3.25426
vt 0.622295 66.9797
v -0.14134 1.70009 -3.24851
vt 0.396048 66.9325
v -0.14136 1.69919 -3.24271
vt 0.167677 66.8971
v -0.141385 1.69825 -3.23549
vt -0.1164 66.8604
v -0.141469 1.69671 -3.21073
vt -1.09135 66.7998
v -0.141492 1.69629 -3.20415
vt -1.35039 66.7832
v -0.141567 1.69316 -3.1821
vt -2.21867 66.6598
v -0.141587 1.69313 -3.17622
vt -2.44991 66.6587
v -0.141607 1.69268 -3.17037
vt -2.68048 66.641
v -0.141622 1.69203 -3.16598
vt -2.85309 66.6152
v -0.141627 1.69181 -3.16456
vt -2.90918 66.6068
v -0.141643 1.69075 -3.15981
vt -3.09595 66.5649
v -0.141567 1.66834 -3.18203
vt -2.22114 65.6826
v -0.141493 1.66266 -3.20394
vt -1.3588 65.459
v -0.141426 1.67418 -3.22343
vt -0.591393 65.9124
v -0.141372 1.68106 -3.23939
vt 0.0367854 66.1834
v -0.141317 1.68794 -3.25534
vt 0.664963 66.4544
v -0.141222 1.69289 -3.28308
vt 1.75696 66.6491
v -0.141109 1.69124 -3.31631
vt 3.06547 66.5843
v -0.141067 1.68543 -3.32852
vt 3.54617 66.3556
f 978/1052/64 977/1051/64 976/1050/64 980/1054/64 981/1055/64 982/1056/64 983/1057/64 984/1058/64 985/1059/64 986/1060/64 987/1061/64 988/1062/64 989/1063/64 990/1064/64 991/1065/64 992/1066/64 993/1067/64 994/1068/64 995/1069/64 996/1070/64 997/1071/64 998/1072/64 999/1073/64 1000/1074/64 1001/1075/64 1002/1076/64 1003/1077/64 1004/1078/64 1005/1079/64 1006/1080/64 1007/1081/64 1008/1082/64 1009/1083/64 1010/1084/64 1011/1085/64 1012/1086/64 1013/1087/64 

usemtl Teddy_Hat
vn 0.999994 8.70971e-14 0.00341184
v -0.14103 1.73227 -3.3394
vt 3.97427 68.1998
v -0.141049 1.74146 -3.33379
vt 3.75352 68.5615
v -0.141075 1.74911 -3.32622
vt 3.45528 68.8625
v -0.141106 1.7548 -3.31708
vt 3.09564 69.0866
v -0.141139 1.75722 -3.30741
vt 2.71511 69.1821
v -0.141173 1.75859 -3.29754
vt 2.32648 69.2357
v -0.141207 1.75887 -3.28758
vt 1.93432 69.2469
v -0.141241 1.75807 -3.27765
vt 1.54326 69.2155
v -0.141274 1.7562 -3.26786
vt 1.15791 69.1418
v -0.141311 1.75274 -3.2572
vt 0.73827 69.0055
v -0.141345 1.74788 -3.24711
vt 0.340723 68.8142
v -0.141377 1.74171 -3.23775
vt -0.0275385 68.5712
v -0.141406 1.73434 -3.22931
vt -0.359848 68.2809
v -0.141419 1.73012 -3.22562
vt -0.505019 68.1148
v -0.141432 1.72526 -3.22179
vt -0.655914 67.9237
v -0.141443 1.72005 -3.21846
vt -0.78706 67.7186
v -0.141453 1.71454 -3.21566
vt -0.897158 67.5014
v -0.14146 1.70877 -3.21343
vt -0.985117 67.2744
v -0.141466 1.70281 -3.21178
vt -1.05006 67.0397
f 991/1065/65 990/1064/65 989/1063/65 988/1062/65 987/1061/65 986/1060/65 985/1059/65 984/1058/65 983/1057/65 1014/1088/65 1015/1089/65 1016/1090/65 1017/1091/65 1018/1092/65 1019/1093/65 1020/1094/65 1021/1095/65 1022/1096/65 1023/1097/65 1024/1098/65 1025/1099/65 1026/1100/65 1027/1101/65 1028/1102/65 1029/1103/65 1030/1104/65 1031/1105/65 1032/1106/65 998/1072/65 997/1071/65 996/1070/65 995/1069/65 994/1068/65 993/1067/65 992/1066/65 

usemtl Teddy_Brim
vn 0.999994 -2.36142e-14 0.00341184
v -0.141662 1.6891 -3.1543
vt -3.31322 66.4998
v -0.14168 1.68705 -3.14891
vt -3.52524 66.4193
v -0.14172 1.67844 -3.13732
vt -3.98149 66.0802
v -0.141772 1.65756 -3.12214
vt -4.5793 65.2581
v -0.141787 1.64776 -3.11762
vt -4.75734 64.8725
v -0.141799 1.63754 -3.11417
vt -4.89316 64.4701
v -0.1418 1.63558 -3.11373
vt -4.91032 64.3927
v -0.141807 1.62701 -3.11183
vt -4.9852 64.0554
v -0.14181 1.61847 -3.11087
vt -5.02282 63.7192
v -0.141811 1.61629 -3.11063
vt -5.03243 63.6333
v -0.141811 1.6055 -3.11058
vt -5.03428 63.2086
v -0.141809 1.60013 -3.11113
vt -5.01252 62.9973
v -0.141805 1.59322 -3.11227
vt -4.96781 62.7253
v -0.141801 1.58529 -3.11357
vt -4.91648 62.4131
v -0.141786 1.57085 -3.11778
vt -4.75092 61.8446
v -0.141766 1.55702 -3.12369
vt -4.51824 61.3001
v -0.141744 1.5458 -3.13018
vt -4.26261 60.8581
v -0.141741 1.544 -3.13122
vt -4.2218 60.7875
v -0.14173 1.53988 -3.13432
vt -4.09982 60.6253
v -0.14171 1.53198 -3.14026
vt -3.86591 60.3143
v -0.141674 1.52114 -3.15068
vt -3.45573 59.8873
v -0.141664 1.51812 -3.15379
vt -3.33309 59.7684
v -0.141652 1.51529 -3.15708
vt -3.20364 59.657
v -0.141641 1.51266 -3.16053
vt -3.06784 59.5534
v -0.141628 1.51023 -3.16413
vt -2.92616 59.458
v -0.141616 1.50803 -3.16786
vt -2.7791 59.3712
v -0.141629 1.55111 -3.16394
vt -2.93348 61.0674
v -0.14159 1.61034 -3.17549
vt -2.47874 63.3991
v -0.141544 1.6467 -3.18883
vt -1.95375 64.8306
f 1006/1080/66 1005/1079/66 1033/1107/66 1034/1108/66 1035/1109/66 1036/1110/66 1037/1111/66 1038/1112/66 1039/1113/66 1040/1114/66 1041/1115/66 1042/1116/66 1043/1117/66 1044/1118/66 1045/1119/66 1046/1120/66 1047/1121/66 1048/1122/66 1049/1123/66 1050/1124/66 1051/1125/66 1052/1126/66 1053/1127/66 1054/1128/66 1055/1129/66 1056/1130/66 1057/1131/66 1058/1132/66 1059/1133/66 1060/1134/66 1061/1135/66 1007/1081/66 

usemtl Teddy_HairLight
vn 0.999994 -3.53666e-15 0.00341184
v -0.141618 1.50335 -3.16709
vt -2.80952 59.187
v -0.141623 1.4988 -3.16576
vt -2.86176 59.0077
v -0.141629 1.49443 -3.1639
vt -2.93506 58.836
v -0.141637 1.49033 -3.16153
vt -3.02838 58.6742
v -0.141647 1.48653 -3.15869
vt -3.14038 58.5248
v -0.141658 1.4831 -3.15541
vt -3.26944 58.3899
v -0.141671 1.48009 -3.15174
vt -3.41371 58.2714
v -0.14145 1.62757 -3.21642
vt -0.867289 64.0775
v -0.14145 1.62959 -3.21651
vt -0.863755 64.1569
v -0.141448 1.64059 -3.217
vt -0.844483 64.5902
v -0.141448 1.64269 -3.2171
vt -0.840811 64.6727
v -0.141447 1.64599 -3.21724
vt -0.83502 64.8029
v -0.141446 1.65579 -3.21768
vt -0.817867 65.1885
v -0.141435 1.66516 -3.2209
vt -0.691111 65.5575
f 1059/1133/67 1058/1132/67 1062/1136/67 1063/1137/67 1064/1138/67 1065/1139/67 1066/1140/67 1067/1141/67 1068/1142/67 732/806/58 866/940/58 865/939/67 864/938/67 863/937/67 862/936/67 861/935/67 860/934/67 1069/1143/67 1070/1144/67 1071/1145/67 1072/1146/67 1073/1147/67 1074/1148/67 1075/1149/67 1009/1083/67 1008/1082/67 1007/1081/67 1061/1135/67 1060/1134/67 

usemtl Teddy_Skin_
vn 0.999994 -2.17089e-14 0.00341184
v -0.141023 1.5552 -3.34146
vt 4.05563 61.2282
v -0.141019 1.55867 -3.34258
vt 4.09956 61.365
v -0.141016 1.56217 -3.34362
vt 4.14042 61.5027
v -0.141014 1.56373 -3.34406
vt 4.15789 61.564
v -0.141013 1.56561 -3.34462
vt 4.17993 61.6383
v -0.141011 1.56724 -3.3451
vt 4.1989 61.7022
v -0.141008 1.5708 -3.34594
vt 4.23174 61.8426
v -0.141006 1.57441 -3.34656
vt 4.2563 61.9847
v -0.141004 1.57805 -3.34697
vt 4.27249 62.128
v -0.140993 1.61893 -3.35038
vt 4.40676 63.7373
v -0.140992 1.62208 -3.35055
vt 4.4134 63.8614
v -0.141033 1.6132 -3.33874
vt 3.94821 63.5117
v -0.141044 1.6132 -3.33551
vt 3.82138 63.5117
v -0.141102 1.6132 -3.31828
vt 3.14297 63.5117
v -0.141146 1.62285 -3.30544
vt 2.63751 63.8917
v -0.141155 1.62474 -3.30293
vt 2.53865 63.966
v -0.141155 1.62796 -3.30293
vt 2.53865 64.093
v -0.141155 1.63201 -3.30293
vt 2.53865 64.2522
v -0.141171 1.63376 -3.29807
vt 2.34703 64.3213
v -0.141202 1.63376 -3.28914
vt 1.99543 64.3213
v -0.141221 1.63188 -3.28349
vt 1.77301 64.2474
v -0.141221 1.622 -3.28349
vt 1.77301 63.8583
v -0.141277 1.61034 -3.2672
vt 1.13193 63.3993
v -0.141359 1.60962 -3.243
vt 0.179104 63.3708
v -0.141406 1.62413 -3.22918
vt -0.365033 63.9421
v -0.141406 1.62869 -3.22918
vt -0.365033 64.1217
f 848/922/68 847/921/68 846/920/68 888/962/68 887/961/68 886/960/68 885/959/68 884/958/68 883/957/68 882/956/68 881/955/68 880/954/68 879/953/68 878/952/68 877/951/68 876/950/68 875/949/68 874/948/68 873/947/68 872/946/68 871/945/68 870/944/68 869/943/68 868/942/68 928/1002/68 927/1001/68 926/1000/68 925/999/68 924/998/68 923/997/68 922/996/68 921/995/68 920/994/68 919/993/68 918/992/68 917/991/68 1076/1150/68 1077/1151/68 1078/1152/68 1079/1153/68 1080/1154/68 1081/1155/68 1082/1156/68 1083/1157/68 1084/1158/68 1085/1159/68 1086/1160/68 1087/1161/68 1088/1162/68 1089/1163/68 1090/1164/68 1091/1165/68 1092/1166/68 1093/1167/68 1094/1168/68 1095/1169/68 1096/1170/68 1097/1171/68 1098/1172/68 1099/1173/68 1100/1174/68 1101/1175/68 1070/1144/68 1069/1143/68 860/934/68 859/933/68 858/932/68 857/931/68 856/930/68 855/929/68 854/928/68 853/927/68 852/926/68 851/925/68 850/924/68 849/923/68 

usemtl Teddy_HairLight
v -0.14098 1.62474 -3.35408
vt 4.55252 63.966
vn 0.999994 -4.6595e-15 0.00341184
v -0.141009 1.6577 -3.34577
vt 4.22531 65.2639
v -0.141 1.64684 -3.34816
vt 4.31921 64.8363
v -0.14098 1.64239 -3.35408
vt 4.55252 64.6609
f 1102/1176/69 1086/1160/69 1085/1159/69 1084/1158/69 1083/1157/69 1082/1156/69 1081/1155/69 1080/1154/69 1079/1153/69 1078/1152/69 1077/1151/69 1076/1150/69 917/991/69 916/990/69 915/989/69 914/988/69 913/987/69 912/986/69 911/985/69 910/984/69 909/983/69 908/982/69 907/981/69 906/980/69 905/979/69 904/978/69 935/1009/69 966/1040/69 965/1039/69 964/1038/69 979/1053/69 978/1052/69 1103/1177/69 1104/1178/69 1105/1179/69 

usemtl Teddy_Glasses
v -0.140996 1.62702 -3.34951
vt 4.37226 64.056
vn 0.999994 7.17858e-15 0.00341184
f 1106/1180/70 1086/1160/70 1102/1176/70

v -0.141038 1.61778 -3.33721
vt 3.88801 63.692
f 1107/1181/70 1086/1160/70 1106/1180/70

f 1088/1162/70 1086/1160/70 1107/1181/70

f 1086/1160/70 1088/1162/70 1087/1161/70

f 1088/1162/70 1107/1181/70 1089/1163/70

v -0.141097 1.61778 -3.31981
vt 3.20317 63.692
f 1108/1182/70 1089/1163/70 1107/1181/70

f 1089/1163/70 1108/1182/70 1090/1164/70

v -0.141139 1.62702 -3.30751
vt 2.71891 64.056
f 1090/1164/70 1108/1182/70 1109/1183/70

usemtl Teddy_Skin_
vn 0.999994 0 0.00341184
v -0.140996 1.6401 -3.34951
vt 4.37226 64.5709
v -0.141038 1.64935 -3.33721
vt 3.88801 64.9349
v -0.141097 1.64935 -3.31981
vt 3.20317 64.9349
v -0.141139 1.6401 -3.30751
vt 2.71891 64.5709
f 1106/1180/71 1110/1184/71 1111/1185/71 1112/1186/71 1113/1187/71 1109/1183/71 1108/1182/71 1107/1181/71 

usemtl Teddy_Glasses
f 1106/1180/70 1105/1179/70 1110/1184/70

f 1106/1180/70 1102/1176/70 1105/1179/70

f 1110/1184/70 1105/1179/70 1111/1185/70

f 1111/1185/70 1105/1179/70 1104/1178/70

v -0.141033 1.65393 -3.33874
vt 3.94821 65.1152
f 1111/1185/70 1104/1178/70 1114/1188/70

usemtl Teddy_Skin_
vn 0.999994 3.64411e-14 0.00341184
v -0.141406 1.64122 -3.22918
vt -0.365033 64.6148
v -0.141406 1.64266 -3.22918
vt -0.365033 64.6716
v -0.141368 1.65089 -3.24037
vt 0.0754363 64.9958
v -0.141277 1.65184 -3.26708
vt 1.12718 65.0332
v -0.141228 1.64147 -3.28157
vt 1.69741 64.625
v -0.141224 1.64079 -3.28253
vt 1.73521 64.5979
v -0.141155 1.64079 -3.30293
vt 2.53865 64.5979
v -0.141155 1.64239 -3.30293
vt 2.53865 64.6609
v -0.141149 1.64375 -3.30475
vt 2.61002 64.7145
v -0.141118 1.65043 -3.31364
vt 2.96005 64.9777
v -0.141102 1.65393 -3.31828
vt 3.14297 65.1152
v -0.141133 1.68362 -3.30937
vt 2.79227 66.2844
v -0.141199 1.68241 -3.29006
vt 2.03197 66.2366
v -0.141287 1.67084 -3.26426
vt 1.01593 65.7812
v -0.141371 1.6607 -3.23946
vt 0.0395657 65.3821
f 1072/1146/72 1071/1145/72 1115/1189/72 1116/1190/72 1117/1191/72 1118/1192/72 1119/1193/72 1120/1194/72 1121/1195/72 1122/1196/72 1123/1197/72 1124/1198/72 1125/1199/72 1114/1188/72 1104/1178/72 1103/1177/72 978/1052/72 1013/1087/72 1126/1200/72 1127/1201/72 1128/1202/72 1129/1203/72 1074/1148/72 1073/1147/72 

usemtl Teddy_Glasses
vn 0.999994 1.45739e-13 0.00341184
f 1071/1145/73 1070/1144/73 1101/1175/73 1115/1189/73 

vn 0.999994 1.57485e-14 0.00341184
v -0.141391 1.64034 -3.23376
vt -0.184773 64.5805
f 1101/1175/74 1130/1204/74 1115/1189/74

v -0.141391 1.62596 -3.23376
vt -0.184773 64.0142
f 1101/1175/74 1131/1205/74 1130/1204/74

f 1100/1174/74 1131/1205/74 1101/1175/74

v -0.141353 1.61425 -3.24491
vt 0.254383 63.5531
f 1100/1174/74 1132/1206/74 1131/1205/74

f 1099/1173/74 1132/1206/74 1100/1174/74

f 1132/1206/74 1099/1173/74 1098/1172/74

v -0.141282 1.61488 -3.26568
vt 1.07191 63.578
f 1098/1172/74 1133/1207/74 1132/1206/74

f 1133/1207/74 1098/1172/74 1097/1171/74

v -0.141237 1.62435 -3.27891
vt 1.59274 63.9509
f 1133/1207/74 1097/1171/74 1134/1208/74

f 1134/1208/74 1097/1171/74 1096/1170/74

v -0.141237 1.63775 -3.27891
vt 1.59274 64.4782
f 1134/1208/74 1096/1170/74 1135/1209/74

v -0.141221 1.6401 -3.28349
vt 1.77301 64.5709
f 1135/1209/74 1096/1170/74 1136/1210/74

vn 0.999994 3.06518e-14 0.00341184
f 1136/1210/75 1096/1170/75 1095/1169/75 1094/1168/75 1093/1167/75 1121/1195/75 1120/1194/75 

f 1093/1167/70 1113/1187/70 1121/1195/70

f 1092/1166/70 1113/1187/70 1093/1167/70

f 1092/1166/70 1109/1183/70 1113/1187/70

f 1091/1165/70 1109/1183/70 1092/1166/70

f 1090/1164/70 1109/1183/70 1091/1165/70

f 1121/1195/70 1113/1187/70 1112/1186/70

f 1121/1195/70 1112/1186/70 1122/1196/70

f 1122/1196/70 1112/1186/70 1123/1197/70

f 1123/1197/70 1112/1186/70 1124/1198/70

f 1112/1186/70 1114/1188/70 1124/1198/70

f 1111/1185/70 1114/1188/70 1112/1186/70

f 1124/1198/70 1114/1188/70 1125/1199/70

v -0.141282 1.64722 -3.26568
vt 1.07191 64.8511
f 1137/1211/74 1136/1210/74 1120/1194/74

f 1135/1209/74 1136/1210/74 1137/1211/74

usemtl Teddy_Skin_
v -0.141363 1.64636 -3.24194
vt 0.137183 64.8174
f 1130/1204/71 1131/1205/71 1132/1206/71 1133/1207/71 1134/1208/71 1135/1209/71 1137/1211/71 1138/1212/71 

usemtl Teddy_Glasses
f 1117/1191/74 1138/1212/74 1137/1211/74

f 1116/1190/74 1138/1212/74 1117/1191/74

f 1115/1189/74 1138/1212/74 1116/1190/74

f 1115/1189/74 1130/1204/74 1138/1212/74

f 1137/1211/74 1118/1192/74 1117/1191/74

f 1137/1211/74 1119/1193/74 1118/1192/74

f 1137/1211/74 1120/1194/74 1119/1193/74

usemtl Teddy_SkinShadow_
vn 0.999994 -1.67013e-14 0.00341184
f 1009/1083/76 1075/1149/76 1074/1148/76 1129/1203/76 1128/1202/76 1127/1201/76 1126/1200/76 1013/1087/76 1012/1086/76 1011/1085/76 1010/1084/76 

usemtl Teddy_Dress
vn 0.999994 4.98536e-15 0.00341184
v -0.141989 1.42047 -3.05848
vt -7.08558 55.9239
v -0.142042 1.38377 -3.04293
vt -7.69777 54.4792
v -0.142055 1.36976 -3.03901
vt -7.8519 53.9277
v -0.142109 1.3135 -3.02329
vt -8.471 51.7125
v -0.142164 1.20134 -3.00714
vt -9.10678 47.2969
v -0.142157 1.16512 -3.00909
vt -9.02999 45.871
v -0.142122 1.11209 -3.01952
vt -8.61946 43.7832
v -0.142056 1.06952 -3.03882
vt -7.85968 42.1072
v -0.141918 1.1557 -3.07918
vt -6.27069 45.5001
v -0.141908 1.18806 -3.08219
vt -6.15219 46.7742
v -0.141888 1.20225 -3.08789
vt -5.92751 47.3325
v -0.141795 1.33358 -3.11533
vt -4.84731 52.5031
v -0.141767 1.36976 -3.12348
vt -4.52655 53.9277
v -0.141769 1.37386 -3.12281
vt -4.55288 54.0892
f 737/811/77 1139/1213/77 1140/1214/77 1141/1215/77 1142/1216/77 1143/1217/77 1144/1218/77 1145/1219/77 1146/1220/77 173/247/77 172/246/77 171/245/77 170/244/77 169/243/77 168/242/77 167/241/77 166/240/77 165/239/77 164/238/77 163/237/77 162/236/77 112/186/77 111/185/77 110/184/77 1147/1221/77 1148/1222/77 1149/1223/77 555/629/77 563/637/77 571/645/77 1150/1224/77 1151/1225/77 1152/1226/77 739/813/77 738/812/77 

f 571/645/28 575/649/28 1150/1224/28

f 571/645/28 572/646/28 575/649/28

f 1150/1224/28 575/649/28 651/725/28

v -0.141159 1.33114 -3.30177
vt 2.49291 52.4071
f 1150/1224/28 651/725/28 1153/1227/28

usemtl Teddy_Skin_
vn 0.999994 5.601e-14 0.00341184
v -0.141164 1.33226 -3.30032
vt 2.43583 52.4511
f 674/748/78 673/747/78 707/781/78 706/780/78 705/779/78 704/778/78 745/819/78 744/818/78 1154/1228/78 1153/1227/78 651/725/78 652/726/78 653/727/78 654/728/78 655/729/78 682/756/78 681/755/78 680/754/78 679/753/78 678/752/78 677/751/78 676/750/78 675/749/78 

usemtl Teddy_Dress
f 743/817/28 1154/1228/28 744/818/28

f 1150/1224/28 1154/1228/28 743/817/28

f 1150/1224/28 1153/1227/28 1154/1228/28

f 742/816/28 1150/1224/28 743/817/28

f 741/815/28 1150/1224/28 742/816/28

f 1150/1224/28 741/815/28 1151/1225/28

f 1151/1225/28 741/815/28 740/814/28

f 1151/1225/28 740/814/28 739/813/28

f 1151/1225/28 739/813/28 1152/1226/28

usemtl Teddy_BookJacket
v -0.141333 0.925697 -3.25078
vt 0.485506 36.4448
vn 0.999994 -9.78776e-16 0.00341184
v -0.141517 0.936673 -3.19665
vt -1.64585 36.8769
v -0.14119 1.07153 -3.29248
vt 2.12703 42.1862
v -0.141301 0.929679 -3.26016
vt 0.854795 36.6015
f 1155/1229/79 1156/1230/79 159/233/79 158/232/79 157/231/79 156/230/79 155/229/79 441/515/79 443/517/79 100/174/79 99/173/79 1157/1231/79 1158/1232/79 

usemtl Teddy_Paper
vn 0.999994 -2.36586e-15 0.00341184
f 1157/1231/80 99/173/80 98/172/80 97/171/80 96/170/80 95/169/80 94/168/80 161/235/80 160/234/80 159/233/80 1156/1230/80 1155/1229/80 1158/1232/80 

usemtl Teddy_Dress
f 154/228/28 441/515/28 155/229/28

f 438/512/28 153/227/28 152/226/28

usemtl Teddy_DressShadow
vn 0.999994 5.21683e-13 0.00341184
f 142/216/81 141/215/81 140/214/81 188/262/81 435/509/81 436/510/81 438/512/81 152/226/81 151/225/81 150/224/81 149/223/81 148/222/81 147/221/81 146/220/81 145/219/81 144/218/81 143/217/81 

usemtl Teddy_Dress
f 139/213/28 188/262/28 140/214/28

usemtl Teddy_Paper
vn 0.999994 -2.24126e-12 0.00341184
v -0.141972 0.972721 -3.06331
vt -6.89521 38.2961
f 129/203/82 177/251/82 1159/1233/82 183/257/82 182/256/82 

usemtl Teddy_BookJacket
vn 0.999994 1.5694e-12 0.00341184
v -0.141985 0.97459 -3.05949
vt -7.04559 38.3697
v -0.141988 0.975884 -3.05876
vt -7.07458 38.4206
v -0.141988 0.977028 -3.05872
vt -7.07614 38.4657
v -0.141989 0.975377 -3.05833
vt -7.0913 38.4007
v -0.141988 0.974404 -3.05869
vt -7.07742 38.3624
v -0.141983 0.973418 -3.06017
vt -7.01905 38.3235
f 177/251/83 176/250/83 1160/1234/83 1161/1235/83 1162/1236/83 1163/1237/83 1164/1238/83 1165/1239/83 1159/1233/83 

usemtl Teddy_BookCover
v -0.14197 0.999526 -3.06397
vt -6.86957 39.3514
vn 0.999994 6.01776e-15 0.00341184
f 1166/1240/84 1162/1236/84 1161/1235/84 1160/1234/84 176/250/84 175/249/84 

g Mesh4 bbva1 Model

usemtl FrontColor
v 1.30034 0.736575 -0.733741
vt -15.748 27.1654
v 1.30034 0.736575 -0.683741
vt -13.7795 27.1654
v 1.30034 0.736575 -0.383741
vt -1.9685 27.1654
v 1.30034 0.736575 -0.333741
vt 0 27.1654
v 1.30034 0.836575 -0.333741
vt 0 31.1024
v 1.30034 0.836575 -0.733741
vt -15.748 31.1024
f 1167/1241/24 1168/1242/24 1169/1243/24 1170/1244/24 1171/1245/24 1172/1246/24 

v 1.30034 0.0465749 -0.683741
vt 13.7795 0
vn 1 0 -0
v 1.30034 0.0465749 -0.733741
vt 15.748 0
vt 15.748 27.1654
vt 13.7795 27.1654
f 1173/1247/85 1174/1248/85 1167/1249/85 1168/1250/85 

v 1.35034 0.0465749 -0.733741
vt 1.9685 0
v 1.35034 0.736575 -0.733741
vt 1.9685 27.1654
f 1174/3/4 1175/1251/4 1176/1252/4 1167/1244/4 

vt -15.748 0
v 1.35034 0.0465749 -0.683741
vt -13.7795 0
v 1.35034 0.736575 -0.683741
f 1175/1253/24 1177/1254/24 1178/1242/24 1176/1241/24 

vt -1.9685 0
f 1177/1255/1 1173/3/1 1168/1244/1 1178/1243/1 

usemtl Color_M08
v 1.65034 0.736575 -0.333741
v 1.35034 0.736575 -0.333741
v 1.35034 0.736575 -0.383741
vt -1.9685 1.9685
vt 0 1.9685
vt 0 13.7795
vt -1.9685 13.7795
vt -1.9685 15.748
v 1.65034 0.736575 -0.733741
vt -13.7795 15.748
v 1.65034 0.736575 -0.683741
vt -13.7795 13.7795
v 1.70034 0.736575 -0.683741
vt -15.748 13.7795
v 1.70034 0.736575 -0.383741
vt -15.748 1.9685
v 1.65034 0.736575 -0.383741
vt -13.7795 1.9685
f 1179/1254/3 1180/1255/3 1181/1256/3 1169/1257/3 1168/1258/3 1178/1259/3 1176/1260/3 1182/1261/3 1183/1262/3 1184/1263/3 1185/1264/3 1186/1265/3 

v 1.70034 0.736575 -0.333741
v 1.70034 0.836575 -0.333741
vt 15.748 31.1024
f 1170/1244/4 1180/1252/4 1179/1250/4 1187/1249/4 1188/1266/4 1171/1245/4 

usemtl FrontColor
v 1.35034 0.0465749 -0.333741
v 1.30034 0.0465749 -0.333741
f 1189/1255/1 1190/3/1 1170/1244/1 1180/1243/1 

v 1.30034 0.0465749 -0.383741
f 1190/3/85 1191/1251/85 1169/1252/85 1170/1244/85 

v 1.35034 0.0465749 -0.383741
f 1191/3/4 1192/1251/4 1181/1252/4 1169/1244/4 

f 1192/1255/24 1189/3/24 1180/1244/24 1181/1243/24 

v 1.70034 0.0465749 -0.333741
v 1.65034 0.0465749 -0.333741
f 1193/1253/1 1194/1254/1 1179/1242/1 1187/1241/1 

usemtl Color_M08
v 1.65034 0.0465749 -0.383741
f 1194/3/85 1195/1251/85 1186/1252/85 1179/1244/85 

usemtl FrontColor
v 1.70034 0.0465749 -0.383741
f 1195/1247/4 1196/1248/4 1185/1249/4 1186/1250/4 

f 1196/1255/24 1193/3/24 1187/1244/24 1185/1243/24 

usemtl Color_M08
v 1.70034 0.736575 -0.733741
v 1.70034 0.836575 -0.733741
f 1187/1244/85 1185/1252/85 1184/1250/85 1197/1249/85 1198/1266/85 1188/1245/85 

usemtl FrontColor
v 1.70034 0.0465749 -0.733741
v 1.70034 0.0465749 -0.683741
f 1199/1253/24 1200/1254/24 1184/1242/24 1197/1241/24 

v 1.65034 0.0465749 -0.683741
f 1200/1253/1 1201/1254/1 1183/1242/1 1184/1241/1 

usemtl Color_M08
v 1.65034 0.0465749 -0.733741
f 1201/1247/85 1202/1248/85 1182/1249/85 1183/1250/85 

usemtl FrontColor
f 1202/1247/4 1199/1248/4 1197/1249/4 1182/1250/4 

usemtl Color_M09
f 1197/1241/1 1182/1242/1 1176/1243/1 1167/1244/1 1172/1245/1 1198/1246/1 

vt 1.82837e-43 1.12266e-13
vn -5.87857e-45 1 3.60956e-15
vt 15.748 1.12266e-13
vt 15.748 15.748
vt 1.82837e-43 15.748
f 1171/1267/86 1188/1268/86 1198/1269/86 1172/1270/86 

g Mesh5 bbva2 Model

usemtl FrontColor
v 0.240721 0.72 -1.8096
v 0.240721 0.72 -1.7596
v 0.240721 0.72 -1.4596
v 0.240721 0.72 -1.4096
v 0.240721 0.82 -1.4096
v 0.240721 0.82 -1.8096
f 1203/1241/24 1204/1242/24 1205/1243/24 1206/1244/24 1207/1245/24 1208/1246/24 

v 0.240721 0.03 -1.7596
v 0.240721 0.03 -1.8096
f 1209/1247/85 1210/1248/85 1203/1249/85 1204/1250/85 

v 0.290721 0.03 -1.8096
v 0.290721 0.72 -1.8096
f 1210/3/4 1211/1251/4 1212/1252/4 1203/1244/4 

v 0.290721 0.03 -1.7596
v 0.290721 0.72 -1.7596
f 1211/1253/24 1213/1254/24 1214/1242/24 1212/1241/24 

f 1213/1255/1 1209/3/1 1204/1244/1 1214/1243/1 

usemtl Color_M08
v 0.590721 0.72 -1.4096
v 0.290721 0.72 -1.4096
v 0.290721 0.72 -1.4596
v 0.590721 0.72 -1.8096
v 0.590721 0.72 -1.7596
v 0.640721 0.72 -1.7596
v 0.640721 0.72 -1.4596
v 0.590721 0.72 -1.4596
f 1215/1254/3 1216/1255/3 1217/1256/3 1205/1257/3 1204/1258/3 1214/1259/3 1212/1260/3 1218/1261/3 1219/1262/3 1220/1263/3 1221/1264/3 1222/1265/3 

v 0.640721 0.72 -1.4096
v 0.640721 0.82 -1.4096
f 1206/1244/4 1216/1252/4 1215/1250/4 1223/1249/4 1224/1266/4 1207/1245/4 

usemtl FrontColor
v 0.290721 0.03 -1.4096
v 0.240721 0.03 -1.4096
f 1225/1255/1 1226/3/1 1206/1244/1 1216/1243/1 

v 0.240721 0.03 -1.4596
f 1226/3/85 1227/1251/85 1205/1252/85 1206/1244/85 

v 0.290721 0.03 -1.4596
f 1227/3/4 1228/1251/4 1217/1252/4 1205/1244/4 

f 1228/1255/24 1225/3/24 1216/1244/24 1217/1243/24 

v 0.640721 0.03 -1.4096
v 0.590721 0.03 -1.4096
f 1229/1253/1 1230/1254/1 1215/1242/1 1223/1241/1 

usemtl Color_M08
v 0.590721 0.03 -1.4596
f 1230/3/85 1231/1251/85 1222/1252/85 1215/1244/85 

usemtl FrontColor
v 0.640721 0.03 -1.4596
f 1231/1247/4 1232/1248/4 1221/1249/4 1222/1250/4 

f 1232/1255/24 1229/3/24 1223/1244/24 1221/1243/24 

usemtl Color_M08
v 0.640721 0.72 -1.8096
v 0.640721 0.82 -1.8096
f 1223/1244/85 1221/1252/85 1220/1250/85 1233/1249/85 1234/1266/85 1224/1245/85 

usemtl FrontColor
v 0.640721 0.03 -1.8096
v 0.640721 0.03 -1.7596
f 1235/1253/24 1236/1254/24 1220/1242/24 1233/1241/24 

v 0.590721 0.03 -1.7596
f 1236/1253/1 1237/1254/1 1219/1242/1 1220/1241/1 

usemtl Color_M08
v 0.590721 0.03 -1.8096
f 1237/1247/85 1238/1248/85 1218/1249/85 1219/1250/85 

usemtl FrontColor
f 1238/1247/4 1235/1248/4 1233/1249/4 1218/1250/4 

usemtl Color_M09
f 1233/1241/1 1218/1242/1 1212/1243/1 1203/1244/1 1208/1245/1 1234/1246/1 

f 1207/1267/86 1224/1268/86 1234/1269/86 1208/1270/86 

g Mesh6 lata1 Model

usemtl FrontColor
v 0.196494 0.516575 -2.75972
vt -1.14086 0
vn 0.5 0 -0.866025
v 0.181494 0.516575 -2.76374
vt -0.529474 0
v 0.181494 0.676575 -2.76374
vt -0.529474 6.29921
v 0.196494 0.676575 -2.75972
vt -1.14086 6.29921
f 1239/1271/87 1240/1272/1 1241/1273/1 1242/1274/87 

vt -1.1811 2.3622
vt -1.77165 2.20397
v 0.207475 0.516575 -2.74874
vt -2.20397 1.77165
v 0.211494 0.516575 -2.73374
vt -2.3622 1.1811
v 0.207475 0.516575 -2.71874
vt -2.20397 0.590551
v 0.196494 0.516575 -2.70776
vt -1.77165 0.158238
v 0.181494 0.516575 -2.70374
vt -1.1811 0
v 0.166494 0.516575 -2.70776
vt -0.590551 0.158238
v 0.155513 0.516575 -2.71874
vt -0.158238 0.590551
v 0.151494 0.516575 -2.73374
vt 0 1.1811
v 0.155513 0.516575 -2.74874
vt -0.158238 1.77165
v 0.166494 0.516575 -2.75972
vt -0.590551 2.20397
f 1240/1275/3 1239/1276/3 1243/1277/3 1244/1278/3 1245/1279/3 1246/1280/3 1247/1281/3 1248/1282/3 1249/1283/3 1250/1284/3 1251/1285/3 1252/1286/3 

vt -0.305692 0
vn 0.866025 0 -0.5
vt 0.305692 0
vt 0.305692 6.29921
v 0.207475 0.676575 -2.74874
vt -0.305692 6.29921
f 1243/1287/88 1239/1288/87 1242/1289/87 1253/1290/88 

vt 1.77165 2.20397
vt 1.1811 2.3622
v 0.166494 0.676575 -2.75972
vt 0.590551 2.20397
v 0.155513 0.676575 -2.74874
vt 0.158238 1.77165
v 0.151494 0.676575 -2.73374
v 0.155513 0.676575 -2.71874
vt 0.158238 0.590551
v 0.166494 0.676575 -2.70776
vt 0.590551 0.158238
v 0.181494 0.676575 -2.70374
vt 1.1811 0
v 0.196494 0.676575 -2.70776
vt 1.77165 0.158238
v 0.207475 0.676575 -2.71874
vt 2.20397 0.590551
v 0.211494 0.676575 -2.73374
vt 2.3622 1.1811
vt 2.20397 1.77165
f 1242/1291/11 1241/1292/11 1254/1293/11 1255/1294/11 1256/1284/11 1257/1295/11 1258/1296/11 1259/1297/11 1260/1298/11 1261/1299/11 1262/1300/11 1253/1301/11 

vt -1.75224 0
vn -0.5 0 -0.866025
vt -1.75224 6.29921
f 1240/1302/1 1252/1271/89 1254/1274/89 1241/1303/1 

vt -1.97602 0
vt -1.36464 0
vn -0.866025 0 -0.5
vt -1.36464 6.29921
vt -1.97602 6.29921
f 1252/1304/89 1251/1305/90 1255/1306/90 1254/1307/89 

f 1251/1302/90 1250/1271/24 1256/1274/24 1255/1303/90 

vn -0.866025 0 0.5
f 1250/1271/24 1249/1272/91 1257/1273/91 1256/1274/24 

vn -0.5 0 0.866025
f 1249/1287/91 1248/1288/92 1258/1289/92 1257/1290/91 

vt 0.529474 0
vt 1.14086 0
vt 1.14086 6.29921
vt 0.529474 6.29921
f 1248/1308/92 1247/1309/4 1259/1310/4 1258/1311/92 

vt 1.75224 0
vn 0.5 0 0.866025
vt 1.75224 6.29921
f 1247/1309/4 1246/1312/93 1260/1313/93 1259/1310/4 

vt 1.36464 0
vt 1.97602 0
vn 0.866025 0 0.5
vt 1.97602 6.29921
vt 1.36464 6.29921
f 1246/1314/93 1245/1315/94 1261/1316/94 1260/1317/93 

f 1245/1309/94 1244/1312/85 1262/1313/85 1261/1310/94 

f 1244/1308/85 1243/1309/88 1253/1310/88 1262/1311/85 

g Mesh7 lata2 Model

v 0.209101 0.511321 -2.69492
v 0.194101 0.511321 -2.69894
v 0.194101 0.671321 -2.69894
v 0.209101 0.671321 -2.69492
f 1263/1271/87 1264/1272/1 1265/1273/1 1266/1274/87 

v 0.220082 0.511321 -2.68394
v 0.224101 0.511321 -2.66894
v 0.220082 0.511321 -2.65394
v 0.209101 0.511321 -2.64295
v 0.194101 0.511321 -2.63894
v 0.179101 0.511321 -2.64295
v 0.168121 0.511321 -2.65394
v 0.164101 0.511321 -2.66894
v 0.168121 0.511321 -2.68394
v 0.179101 0.511321 -2.69492
f 1264/1275/3 1263/1276/3 1267/1277/3 1268/1278/3 1269/1279/3 1270/1280/3 1271/1281/3 1272/1282/3 1273/1283/3 1274/1284/3 1275/1285/3 1276/1286/3 

v 0.220082 0.671321 -2.68394
f 1267/1287/88 1263/1288/87 1266/1289/87 1277/1290/88 

v 0.179101 0.671321 -2.69492
v 0.168121 0.671321 -2.68394
v 0.164101 0.671321 -2.66894
v 0.168121 0.671321 -2.65394
v 0.179101 0.671321 -2.64295
v 0.194101 0.671321 -2.63894
v 0.209101 0.671321 -2.64295
v 0.220082 0.671321 -2.65394
v 0.224101 0.671321 -2.66894
f 1266/1291/11 1265/1292/11 1278/1293/11 1279/1294/11 1280/1284/11 1281/1295/11 1282/1296/11 1283/1297/11 1284/1298/11 1285/1299/11 1286/1300/11 1277/1301/11 

f 1264/1302/1 1276/1271/89 1278/1274/89 1265/1303/1 

f 1276/1304/89 1275/1305/90 1279/1306/90 1278/1307/89 

f 1275/1302/90 1274/1271/24 1280/1274/24 1279/1303/90 

f 1274/1271/24 1273/1272/91 1281/1273/91 1280/1274/24 

f 1273/1287/91 1272/1288/92 1282/1289/92 1281/1290/91 

f 1272/1308/92 1271/1309/4 1283/1310/4 1282/1311/92 

f 1271/1309/4 1270/1312/93 1284/1313/93 1283/1310/4 

f 1270/1314/93 1269/1315/94 1285/1316/94 1284/1317/93 

f 1269/1309/94 1268/1312/85 1286/1313/85 1285/1310/94 

f 1268/1308/85 1267/1309/88 1277/1310/88 1286/1311/85 

g Mesh8 lata3 Model

v 0.209101 0.511328 -2.62259
v 0.194101 0.511328 -2.6266
v 0.194101 0.671328 -2.6266
v 0.209101 0.671328 -2.62259
f 1287/1271/87 1288/1272/1 1289/1273/1 1290/1274/87 

v 0.220082 0.511328 -2.6116
v 0.224101 0.511328 -2.5966
v 0.220082 0.511328 -2.5816
v 0.209101 0.511328 -2.57062
v 0.194101 0.511328 -2.5666
v 0.179101 0.511328 -2.57062
v 0.168121 0.511328 -2.5816
v 0.164101 0.511328 -2.5966
v 0.168121 0.511328 -2.6116
v 0.179101 0.511328 -2.62259
f 1288/1275/3 1287/1276/3 1291/1277/3 1292/1278/3 1293/1279/3 1294/1280/3 1295/1281/3 1296/1282/3 1297/1283/3 1298/1284/3 1299/1285/3 1300/1286/3 

v 0.220082 0.671328 -2.6116
f 1291/1287/88 1287/1288/87 1290/1289/87 1301/1290/88 

v 0.179101 0.671328 -2.62259
v 0.168121 0.671328 -2.6116
v 0.164101 0.671328 -2.5966
v 0.168121 0.671328 -2.5816
v 0.179101 0.671328 -2.57062
v 0.194101 0.671328 -2.5666
v 0.209101 0.671328 -2.57062
v 0.220082 0.671328 -2.5816
v 0.224101 0.671328 -2.5966
f 1290/1291/11 1289/1292/11 1302/1293/11 1303/1294/11 1304/1284/11 1305/1295/11 1306/1296/11 1307/1297/11 1308/1298/11 1309/1299/11 1310/1300/11 1301/1301/11 

f 1288/1302/1 1300/1271/89 1302/1274/89 1289/1303/1 

f 1300/1304/89 1299/1305/90 1303/1306/90 1302/1307/89 

f 1299/1302/90 1298/1271/24 1304/1274/24 1303/1303/90 

f 1298/1271/24 1297/1272/91 1305/1273/91 1304/1274/24 

f 1297/1287/91 1296/1288/92 1306/1289/92 1305/1290/91 

f 1296/1308/92 1295/1309/4 1307/1310/4 1306/1311/92 

f 1295/1309/4 1294/1312/93 1308/1313/93 1307/1310/4 

f 1294/1314/93 1293/1315/94 1309/1316/94 1308/1317/93 

f 1293/1309/94 1292/1312/85 1310/1313/85 1309/1310/94 

f 1292/1308/85 1291/1309/88 1301/1310/88 1310/1311/85 

g Mesh9 lata4 Model

v 0.209101 0.511336 -2.53539
v 0.194101 0.511336 -2.53941
v 0.194101 0.671336 -2.53941
v 0.209101 0.671336 -2.53539
f 1311/1271/87 1312/1272/1 1313/1273/1 1314/1274/87 

v 0.220082 0.511336 -2.52441
v 0.224101 0.511336 -2.50941
v 0.220082 0.511336 -2.49441
v 0.209101 0.511336 -2.48343
v 0.194101 0.511336 -2.47941
v 0.179101 0.511336 -2.48343
v 0.168121 0.511336 -2.49441
v 0.164101 0.511336 -2.50941
v 0.168121 0.511336 -2.52441
v 0.179101 0.511336 -2.53539
f 1312/1275/3 1311/1276/3 1315/1277/3 1316/1278/3 1317/1279/3 1318/1280/3 1319/1281/3 1320/1282/3 1321/1283/3 1322/1284/3 1323/1285/3 1324/1286/3 

v 0.220082 0.671336 -2.52441
f 1315/1287/88 1311/1288/87 1314/1289/87 1325/1290/88 

v 0.179101 0.671336 -2.53539
v 0.168121 0.671336 -2.52441
v 0.164101 0.671336 -2.50941
v 0.168121 0.671336 -2.49441
v 0.179101 0.671336 -2.48343
v 0.194101 0.671336 -2.47941
v 0.209101 0.671336 -2.48343
v 0.220082 0.671336 -2.49441
v 0.224101 0.671336 -2.50941
f 1314/1291/11 1313/1292/11 1326/1293/11 1327/1294/11 1328/1284/11 1329/1295/11 1330/1296/11 1331/1297/11 1332/1298/11 1333/1299/11 1334/1300/11 1325/1301/11 

f 1312/1302/1 1324/1271/89 1326/1274/89 1313/1303/1 

f 1324/1304/89 1323/1305/90 1327/1306/90 1326/1307/89 

f 1323/1302/90 1322/1271/24 1328/1274/24 1327/1303/90 

f 1322/1271/24 1321/1272/91 1329/1273/91 1328/1274/24 

f 1321/1287/91 1320/1288/92 1330/1289/92 1329/1290/91 

f 1320/1308/92 1319/1309/4 1331/1310/4 1330/1311/92 

f 1319/1309/4 1318/1312/93 1332/1313/93 1331/1310/4 

f 1318/1314/93 1317/1315/94 1333/1316/94 1332/1317/93 

f 1317/1309/94 1316/1312/85 1334/1313/85 1333/1310/94 

f 1316/1308/85 1315/1309/88 1325/1310/88 1334/1311/85 

g Mesh10 lata5 Model

v 0.209101 0.511342 -2.46581
v 0.194101 0.511342 -2.46983
v 0.194101 0.671342 -2.46983
v 0.209101 0.671342 -2.46581
f 1335/1271/87 1336/1272/1 1337/1273/1 1338/1274/87 

v 0.220082 0.511342 -2.45483
v 0.224101 0.511342 -2.43983
v 0.220082 0.511342 -2.42483
v 0.209101 0.511342 -2.41385
v 0.194101 0.511342 -2.40983
v 0.179101 0.511342 -2.41385
v 0.168121 0.511342 -2.42483
v 0.164101 0.511342 -2.43983
v 0.168121 0.511342 -2.45483
v 0.179101 0.511342 -2.46581
f 1336/1275/3 1335/1276/3 1339/1277/3 1340/1278/3 1341/1279/3 1342/1280/3 1343/1281/3 1344/1282/3 1345/1283/3 1346/1284/3 1347/1285/3 1348/1286/3 

v 0.220082 0.671342 -2.45483
f 1339/1287/88 1335/1288/87 1338/1289/87 1349/1290/88 

v 0.179101 0.671342 -2.46581
v 0.168121 0.671342 -2.45483
v 0.164101 0.671342 -2.43983
v 0.168121 0.671342 -2.42483
v 0.179101 0.671342 -2.41385
v 0.194101 0.671342 -2.40983
v 0.209101 0.671342 -2.41385
v 0.220082 0.671342 -2.42483
v 0.224101 0.671342 -2.43983
f 1338/1291/11 1337/1292/11 1350/1293/11 1351/1294/11 1352/1284/11 1353/1295/11 1354/1296/11 1355/1297/11 1356/1298/11 1357/1299/11 1358/1300/11 1349/1301/11 

f 1336/1302/1 1348/1271/89 1350/1274/89 1337/1303/1 

f 1348/1304/89 1347/1305/90 1351/1306/90 1350/1307/89 

f 1347/1302/90 1346/1271/24 1352/1274/24 1351/1303/90 

f 1346/1271/24 1345/1272/91 1353/1273/91 1352/1274/24 

f 1345/1287/91 1344/1288/92 1354/1289/92 1353/1290/91 

f 1344/1308/92 1343/1309/4 1355/1310/4 1354/1311/92 

f 1343/1309/4 1342/1312/93 1356/1313/93 1355/1310/4 

f 1342/1314/93 1341/1315/94 1357/1316/94 1356/1317/93 

f 1341/1309/94 1340/1312/85 1358/1313/85 1357/1310/94 

f 1340/1308/85 1339/1309/88 1349/1310/88 1358/1311/85 

g Mesh11 lata6 Model

v 0.209101 0.51135 -2.38362
v 0.194101 0.51135 -2.38764
v 0.194101 0.67135 -2.38764
v 0.209101 0.67135 -2.38362
f 1359/1271/87 1360/1272/1 1361/1273/1 1362/1274/87 

v 0.220082 0.51135 -2.37264
v 0.224101 0.51135 -2.35764
v 0.220082 0.51135 -2.34264
v 0.209101 0.51135 -2.33166
v 0.194101 0.51135 -2.32764
v 0.179101 0.51135 -2.33166
v 0.168121 0.51135 -2.34264
v 0.164101 0.51135 -2.35764
v 0.168121 0.51135 -2.37264
v 0.179101 0.51135 -2.38362
f 1360/1275/3 1359/1276/3 1363/1277/3 1364/1278/3 1365/1279/3 1366/1280/3 1367/1281/3 1368/1282/3 1369/1283/3 1370/1284/3 1371/1285/3 1372/1286/3 

v 0.220082 0.67135 -2.37264
f 1363/1287/88 1359/1288/87 1362/1289/87 1373/1290/88 

v 0.179101 0.67135 -2.38362
v 0.168121 0.67135 -2.37264
v 0.164101 0.67135 -2.35764
v 0.168121 0.67135 -2.34264
v 0.179101 0.67135 -2.33166
v 0.194101 0.67135 -2.32764
v 0.209101 0.67135 -2.33166
v 0.220082 0.67135 -2.34264
v 0.224101 0.67135 -2.35764
f 1362/1291/11 1361/1292/11 1374/1293/11 1375/1294/11 1376/1284/11 1377/1295/11 1378/1296/11 1379/1297/11 1380/1298/11 1381/1299/11 1382/1300/11 1373/1301/11 

f 1360/1302/1 1372/1271/89 1374/1274/89 1361/1303/1 

f 1372/1304/89 1371/1305/90 1375/1306/90 1374/1307/89 

f 1371/1302/90 1370/1271/24 1376/1274/24 1375/1303/90 

f 1370/1271/24 1369/1272/91 1377/1273/91 1376/1274/24 

f 1369/1287/91 1368/1288/92 1378/1289/92 1377/1290/91 

f 1368/1308/92 1367/1309/4 1379/1310/4 1378/1311/92 

f 1367/1309/4 1366/1312/93 1380/1313/93 1379/1310/4 

f 1366/1314/93 1365/1315/94 1381/1316/94 1380/1317/93 

f 1365/1309/94 1364/1312/85 1382/1313/85 1381/1310/94 

f 1364/1308/85 1363/1309/88 1373/1310/88 1382/1311/85 

g Mesh12 lata7 Model

v 0.209101 0.511357 -2.3012
v 0.194101 0.511357 -2.30522
v 0.194101 0.671357 -2.30522
v 0.209101 0.671357 -2.3012
f 1383/1271/87 1384/1272/1 1385/1273/1 1386/1274/87 

v 0.220082 0.511357 -2.29022
v 0.224101 0.511357 -2.27522
v 0.220082 0.511357 -2.26022
v 0.209101 0.511357 -2.24924
v 0.194101 0.511357 -2.24522
v 0.179101 0.511357 -2.24924
v 0.168121 0.511357 -2.26022
v 0.164101 0.511357 -2.27522
v 0.168121 0.511357 -2.29022
v 0.179101 0.511357 -2.3012
f 1384/1275/3 1383/1276/3 1387/1277/3 1388/1278/3 1389/1279/3 1390/1280/3 1391/1281/3 1392/1282/3 1393/1283/3 1394/1284/3 1395/1285/3 1396/1286/3 

v 0.220082 0.671357 -2.29022
f 1387/1287/88 1383/1288/87 1386/1289/87 1397/1290/88 

v 0.179101 0.671357 -2.3012
v 0.168121 0.671357 -2.29022
v 0.164101 0.671357 -2.27522
v 0.168121 0.671357 -2.26022
v 0.179101 0.671357 -2.24924
v 0.194101 0.671357 -2.24522
v 0.209101 0.671357 -2.24924
v 0.220082 0.671357 -2.26022
v 0.224101 0.671357 -2.27522
f 1386/1291/11 1385/1292/11 1398/1293/11 1399/1294/11 1400/1284/11 1401/1295/11 1402/1296/11 1403/1297/11 1404/1298/11 1405/1299/11 1406/1300/11 1397/1301/11 

f 1384/1302/1 1396/1271/89 1398/1274/89 1385/1303/1 

f 1396/1304/89 1395/1305/90 1399/1306/90 1398/1307/89 

f 1395/1302/90 1394/1271/24 1400/1274/24 1399/1303/90 

f 1394/1271/24 1393/1272/91 1401/1273/91 1400/1274/24 

f 1393/1287/91 1392/1288/92 1402/1289/92 1401/1290/91 

f 1392/1308/92 1391/1309/4 1403/1310/4 1402/1311/92 

f 1391/1309/4 1390/1312/93 1404/1313/93 1403/1310/4 

f 1390/1314/93 1389/1315/94 1405/1316/94 1404/1317/93 

f 1389/1309/94 1388/1312/85 1406/1313/85 1405/1310/94 

f 1388/1308/85 1387/1309/88 1397/1310/88 1406/1311/85 

g Mesh13 cajon1 Model

v 0.782104 0.850342 2.23034
vt -1.1811 5.93241
v 0.782104 0.699658 2.23034
vt -1.1811 1.42109e-14
v 0.782104 0.699658 1.8
vt 15.7615 0
v 0.782104 0.850342 1.8
vt 15.7615 5.93241
f 1407/1318/85 1408/1319/85 1409/1320/85 1410/1321/85 

vt 0 1.42109e-14
vt 0 5.93241
v 0.762104 0.850342 2.23034
vt -0.787402 5.93241
v 0.762104 0.699658 2.23034
vt -0.787402 1.42109e-14
f 1408/1322/4 1407/1323/4 1411/1324/4 1412/1325/4 

vt 0 -1.1811
vn 0 1 -8.38766e-16
vt 0 15.7615
v 0.762104 0.850342 1.8
vt -0.787402 15.7615
vt -0.787402 -1.1811
f 1407/1326/95 1410/1327/95 1413/1328/95 1411/1329/95 

v 0.762104 0.699658 1.8
vt 0.787402 0
vt 0.787402 5.93241
f 1410/1323/1 1409/3/1 1414/1330/1 1413/1331/1 

vn 0 -1 8.38766e-16
vt 0.787402 -1.1811
vt 0.787402 15.7615
f 1409/1327/96 1408/1326/96 1412/1332/96 1414/1333/96 

vt 1.1811 1.42109e-14
vt 1.1811 5.93241
vt -15.7615 5.93241
vt -15.7615 0
f 1412/1334/24 1411/1335/24 1413/1336/24 1414/1337/24 

g Mesh14 cajon1 Model

v 0.332104 0.843295 1.80705
vt -15.4841 5.65498
v 0.332104 0.706705 1.80705
vt -15.4841 0.277427
v 0.332104 0.706705 2.22329
vt 0.903675 0.277427
v 0.332104 0.843295 2.22329
vt 0.903675 5.65498
f 1415/1338/24 1416/1339/24 1417/1340/24 1418/1341/24 

v 0.762104 0.843295 1.80705
vt 0.787402 5.65498
v 0.762104 0.706705 1.80705
vt 0.787402 0.277427
vt 17.7165 0.277427
vt 17.7165 5.65498
f 1419/1342/1 1420/1343/1 1416/1344/1 1415/1345/1 

vt 0.787402 15.4841
vn 0 -1 8.67164e-16
v 0.762104 0.706705 2.22329
vt 0.787402 -0.903675
vt 17.7165 -0.903675
vt 17.7165 15.4841
f 1420/1346/97 1421/1347/97 1417/1348/97 1416/1349/97 

vt -0.787402 0.277427
v 0.762104 0.843295 2.22329
vt -0.787402 5.65498
vt -17.7165 5.65498
vt -17.7165 0.277427
f 1421/1350/4 1422/1351/4 1418/1352/4 1417/1353/4 

g Mesh15 cajon2 Model

v 0.782104 0.850342 1.7714
v 0.782104 0.699658 1.7714
v 0.782104 0.699658 1.34106
v 0.782104 0.850342 1.34106
f 1423/1318/85 1424/1319/85 1425/1320/85 1426/1321/85 

v 0.762104 0.850342 1.7714
v 0.762104 0.699658 1.7714
f 1424/1322/4 1423/1323/4 1427/1324/4 1428/1325/4 

v 0.762104 0.850342 1.34106
f 1423/1326/95 1426/1327/95 1429/1328/95 1427/1329/95 

v 0.762104 0.699658 1.34106
f 1426/1323/1 1425/3/1 1430/1330/1 1429/1331/1 

f 1425/1327/96 1424/1326/96 1428/1332/96 1430/1333/96 

f 1428/1334/24 1427/1335/24 1429/1336/24 1430/1337/24 

g Mesh16 cajon2 Model

v 0.332104 0.843295 1.3481
v 0.332104 0.706705 1.3481
v 0.332104 0.706705 1.76435
v 0.332104 0.843295 1.76435
f 1431/1338/24 1432/1339/24 1433/1340/24 1434/1341/24 

v 0.762104 0.843295 1.3481
v 0.762104 0.706705 1.3481
f 1435/1342/1 1436/1343/1 1432/1344/1 1431/1345/1 

v 0.762104 0.706705 1.76435
f 1436/1346/97 1437/1347/97 1433/1348/97 1432/1349/97 

v 0.762104 0.843295 1.76435
f 1437/1350/4 1438/1351/4 1434/1352/4 1433/1353/4 

g Mesh17 Model

v 0.59354 0.686352 -1.28982
vt 23.3677 27.0217
v 0.59354 0.716352 -1.28982
vt 23.3677 28.2028
v 0.19354 0.716352 -1.28982
vt 7.61968 28.2028
v 0.19354 0.686352 -1.28982
vt 7.61968 27.0217
f 1439/1354/4 1440/1355/4 1441/1356/4 1442/1357/4 

vt -50.7805 27.0217
v 0.59354 0.656379 -1.25779
vt -49.5191 25.8417
vt -50.7805 28.2028
f 1439/1358/24 1443/1359/24 1440/1360/24

v 0.59354 0.656379 -1.37779
vt -54.2435 25.8417
f 1443/1359/24 1439/1358/24 1444/1361/24

v 0.59354 0.686352 -1.33836
vt -52.6915 27.0217
f 1444/1361/24 1439/1358/24 1445/1362/24

vt -23.3677 52.6915
vt -23.3677 50.7805
vt -7.61968 50.7805
v 0.19354 0.686352 -1.33836
vt -7.61968 52.6915
f 1445/1363/3 1439/1364/3 1442/1365/3 1446/1366/3 

vt 50.7805 27.0217
v 0.19354 0.656379 -1.37779
vt 54.2435 25.8417
vt 52.6915 27.0217
f 1442/1367/85 1447/1368/85 1446/1369/85

v 0.19354 0.656379 -1.25779
vt 49.5191 25.8417
f 1442/1367/85 1448/1370/85 1447/1368/85

v 0.19354 0.756379 -1.25779
vt 49.5191 29.7787
f 1448/1370/85 1442/1367/85 1449/1371/85

vt 50.7805 28.2028
f 1441/1372/85 1449/1371/85 1442/1367/85

v 0.19354 0.756379 -1.37779
vt 54.2435 29.7787
f 1449/1371/85 1441/1372/85 1450/1373/85

v 0.19354 0.716352 -1.33836
vt 52.6915 28.2028
f 1450/1373/85 1441/1372/85 1451/1374/85

vt 23.3677 50.7805
v 0.59354 0.716352 -1.33836
vt 23.3677 52.6915
vt 7.61968 52.6915
vt 7.61968 50.7805
f 1440/1375/11 1452/1376/11 1451/1377/11 1441/1378/11 

v 0.59354 0.756379 -1.37779
vt -54.2435 29.7787
vt -52.6915 28.2028
f 1440/1360/24 1453/1379/24 1452/1380/24

v 0.59354 0.756379 -1.25779
vt -49.5191 29.7787
f 1440/1360/24 1454/1381/24 1453/1379/24

f 1454/1381/24 1440/1360/24 1443/1359/24

vt 23.3677 25.8417
v 0.194101 0.656379 -1.25779
vt 7.64178 25.8417
v 0.194101 2.70717e-16 -1.25779
vt 7.64178 1.06581e-14
v 0.644101 0 -1.25779
vt 25.3583 0
v 0.644101 0.89 -1.25779
vt 25.3583 35.0394
v 0.644101 0.94 -1.25779
vt 25.3583 37.0079
v 0.194101 0.94 -1.25779
vt 7.64178 37.0079
v 0.194101 0.756379 -1.25779
vt 7.64178 29.7787
vt 23.3677 29.7787
f 1443/1382/4 1455/1383/4 1456/1384/4 1457/1385/4 1458/1386/4 1459/1387/4 1460/1388/4 1461/1389/4 1454/1390/4 

vt 7.64178 49.5191
vt 23.3677 49.5191
vt 23.3677 54.2435
vt 7.61968 54.2435
vt 7.61968 49.5191
f 1455/1391/11 1443/1392/11 1444/1393/11 1447/1394/11 1448/1395/11 

vt 7.61968 29.7787
vt 7.61968 25.8417
f 1450/1396/4 1447/1397/4 1444/1382/4 1453/1390/4 

f 1450/1373/85 1451/1374/85 1447/1368/85

f 1446/1369/85 1447/1368/85 1451/1374/85

vt -23.3677 28.2028
vt -23.3677 27.0217
vt -7.61968 27.0217
vt -7.61968 28.2028
f 1452/1398/1 1445/1399/1 1446/1400/1 1451/1401/1 

f 1452/1380/24 1453/1379/24 1445/1362/24

f 1444/1361/24 1445/1362/24 1453/1379/24

vt -7.64178 49.5191
vt -7.61968 49.5191
vt -7.61968 54.2435
vt -23.3677 54.2435
vt -23.3677 49.5191
f 1461/1402/3 1449/1403/3 1450/1404/3 1453/1405/3 1454/1406/3 

usemtl Color_M03
v 0.187575 2.70717e-16 -1.25821
vt 4.12922 1.06575e-14
vn -0.130526 -6.73086e-21 0.991445
vt 4.38672 1.06575e-14
vn -0.0654031 -1.34329e-20 0.997859
vt 4.38672 25.8417
vt 4.38672 29.7787
vt 4.38672 37.0079
v 0.187575 0.94 -1.25821
vt 4.12922 37.0079
f 1462/1407/98 1456/1408/99 1455/1409/99 1461/1410/99 1460/1411/99 1463/1412/98 

usemtl FrontColor
vt 25.3583 49.5191
vn 4.13593e-16 1 -1.3439e-16
v 0.644101 0.94 -2.78935
vt 25.3583 109.817
v 0.144101 0.94 -2.78935
vt 5.67328 109.817
v 0.144101 0.94 -1.30779
vt 5.67328 51.4876
v 0.144529 0.94 -1.30126
vt 5.69012 51.2307
v 0.145805 0.94 -1.29485
vt 5.74035 50.9782
v 0.147907 0.94 -1.28865
vt 5.82312 50.7343
v 0.1508 0.94 -1.28279
vt 5.93701 50.5034
v 0.154434 0.94 -1.27735
vt 6.08006 50.2893
v 0.158746 0.94 -1.27243
vt 6.24984 50.0957
v 0.163663 0.94 -1.26812
vt 6.44343 49.9259
v 0.169101 0.94 -1.26448
vt 6.65753 49.7829
v 0.174967 0.94 -1.26159
vt 6.88847 49.669
v 0.18116 0.94 -1.25949
vt 7.1323 49.5862
vt 7.38484 49.536
f 1459/1413/100 1464/1414/100 1465/1415/100 1466/1416/100 1467/1417/100 1468/1418/100 1469/1419/100 1470/1420/100 1471/1421/100 1472/1422/100 1473/1423/100 1474/1424/100 1475/1425/100 1476/1426/100 1463/1427/100 1460/1391/100 

v 0.664101 0.94 -1.25779
vt 26.1457 49.5191
v 0.664101 0.94 -2.78935
vt 26.1457 109.817
f 1477/1428/11 1478/1429/11 1464/1414/11 1459/1413/11 

vt 109.817 37.0079
vt 49.5191 37.0079
v 0.664101 0.89 -1.25779
vt 49.5191 35.0394
v 0.664101 0.89 -2.78935
vt 109.817 35.0394
f 1478/1430/85 1477/1431/85 1479/1432/85 1480/1433/85 

vt 26.1457 37.0079
vt 26.1457 35.0394
f 1477/1434/4 1459/1387/4 1458/1386/4 1479/1435/4 

vt -25.3583 37.0079
vt -26.1457 37.0079
vt -26.1457 35.0394
v 0.644101 0.89 -2.78935
vt -25.3583 35.0394
f 1464/1436/1 1478/1437/1 1480/1438/1 1481/1439/1 

v 0.644101 0.15 -2.78935
vt -25.3583 5.90551
v 0.144101 0.15 -2.78935
vt -5.67328 5.90551
vt -5.67328 37.0079
f 1481/1439/1 1482/1440/1 1483/1441/1 1465/1442/1 1464/1436/1 

v 0.144101 0.15 -3.41779
vt 5.67328 134.559
v 0.644101 0.15 -3.46779
vt 25.3583 136.527
v 0.194101 0.15 -3.46779
vt 7.64178 136.527
v 0.194101 0.15 -3.41779
vt 7.64178 134.559
f 1484/1443/11 1483/1415/11 1482/1414/11 1485/1444/11 1486/1445/11 1487/1446/11 

usemtl Color_M03
v 0.144101 5.18874e-16 -3.41779
vt -134.559 2.04281e-14
vt -109.817 5.90551
vt -134.559 5.90551
f 1488/1447/24 1483/1448/24 1484/1449/24

v 0.144101 0.148024 -2.74387
vt -108.026 5.82771
f 1488/1447/24 1489/1450/24 1483/1448/24

v 0.144101 0.148024 -2.33936
vt -92.1008 5.82771
f 1488/1447/24 1490/1451/24 1489/1450/24

v 0.144101 2.70717e-16 -1.30779
vt -51.4876 1.06581e-14
f 1491/1452/24 1490/1451/24 1488/1447/24

v 0.144101 0.511363 -2.18617
vt -86.0698 20.1324
f 1490/1451/24 1491/1452/24 1492/1453/24

v 0.144101 0.911363 -2.18617
vt -86.0698 35.8804
f 1492/1453/24 1491/1452/24 1493/1454/24

vt -51.4876 37.0079
f 1466/1455/24 1493/1454/24 1491/1452/24

vt -109.817 37.0079
f 1493/1454/24 1466/1455/24 1465/1456/24

v 0.144101 0.911309 -2.77264
vt -109.159 35.8783
f 1493/1454/24 1465/1456/24 1494/1457/24

v 0.144101 0.511309 -2.77264
vt -109.159 20.1303
f 1494/1457/24 1465/1456/24 1495/1458/24

f 1483/1448/24 1495/1458/24 1465/1456/24

f 1483/1448/24 1489/1450/24 1495/1458/24

v 0.144101 0.398024 -2.74387
vt -108.026 15.6702
f 1496/1459/24 1495/1458/24 1489/1450/24

v 0.144101 0.398024 -2.33936
vt -92.1008 15.6702
f 1497/1460/24 1495/1458/24 1496/1459/24

f 1495/1458/24 1497/1460/24 1492/1453/24

f 1490/1451/24 1492/1453/24 1497/1460/24

usemtl FrontColor
vt -5.67328 5.82771
vt -5.67328 15.6702
v 0.464101 0.398024 -2.33936
vt -18.2717 15.6702
v 0.464101 0.148024 -2.33936
vt -18.2717 5.82771
f 1490/1461/1 1497/1462/1 1498/1463/1 1499/1464/1 

vt -5.67328 92.1008
vt -5.67328 108.026
v 0.464101 0.398024 -2.74387
vt -18.2717 108.026
vt -18.2717 92.1008
f 1497/1465/3 1496/1466/3 1500/1467/3 1498/1468/3 

vt 5.67328 15.6702
vt 5.67328 5.82771
v 0.464101 0.148024 -2.74387
vt 18.2717 5.82771
vt 18.2717 15.6702
f 1496/1469/4 1489/1470/4 1501/1471/4 1500/1472/4 

vt 5.67328 108.026
vt 5.67328 92.1008
vt 18.2717 92.1008
vt 18.2717 108.026
f 1489/1473/11 1490/1474/11 1499/1475/11 1501/1476/11 

vt 92.1008 15.6702
vt 92.1008 5.82771
vt 108.026 5.82771
vt 108.026 15.6702
f 1498/1477/85 1499/1478/85 1501/1479/85 1500/1480/85 

vt 5.67328 86.068
vn 0 1 -9.10555e-05
v 0.644101 0.511363 -2.18617
vt 25.3583 86.068
v 0.644101 0.511309 -2.77264
vt 25.3583 109.157
vt 5.67328 109.157
f 1492/1481/101 1502/1482/101 1503/1483/101 1495/1484/101 

vt -25.3583 20.1324
vt -5.67328 20.1324
vt -5.67328 35.8804
v 0.644101 0.911363 -2.18617
vt -25.3583 35.8804
v 0.644101 0.89 -2.18617
f 1502/1485/1 1492/1486/1 1493/1487/1 1504/1488/1 1505/1439/1 

vt -5.67328 109.156
vn 0 -1 9.10555e-05
v 0.644101 0.911309 -2.77264
vt -25.3583 109.156
vt -25.3583 86.0666
vt -5.67328 86.0666
f 1494/1489/102 1506/1490/102 1504/1491/102 1493/1492/102 

v 0.644101 0.89 -2.77264
vt 25.3583 35.8783
vt 5.67328 35.8783
vt 5.67328 20.1303
vt 25.3583 20.1303
f 1507/1386/4 1506/1493/4 1494/1494/4 1495/1495/4 1503/1496/4 

vt -109.159 35.0394
vt -86.0698 35.0394
f 1507/1497/24 1505/1498/24 1504/1454/24 1506/1457/24 

usemtl Color_M03
vt -51.0064 1.06581e-14
vn -0.997859 -3.93894e-21 0.0654031
v 0.144529 2.70717e-16 -1.30126
vt -50.7489 1.06581e-14
vn -0.991445 -1.97369e-21 0.130526
vt -50.7489 37.0079
vt -51.0064 37.0079
f 1491/1499/103 1508/1500/104 1467/1501/104 1466/1502/103 

vt -49.1362 1.06581e-14
v 0.145805 2.70717e-16 -1.29485
vt -48.8787 1.06581e-14
vn -0.965926 0 0.258819
vt -48.8787 37.0079
vt -49.1362 37.0079
f 1508/1503/104 1509/1504/105 1468/1505/105 1467/1506/104 

vt -46.4276 1.06581e-14
v 0.147907 2.70717e-16 -1.28865
vt -46.1701 1.06581e-14
vn -0.92388 0 0.382683
vt -46.1701 37.0079
vt -46.4276 37.0079
f 1509/1507/105 1510/1508/106 1469/1509/106 1468/1510/105 

vt -42.9267 1.06581e-14
v 0.1508 2.70717e-16 -1.28279
vt -42.6692 1.06581e-14
vt -42.6692 37.0079
vt -42.9267 37.0079
f 1510/1511/106 1511/1512/91 1470/1513/91 1469/1514/106 

vt -38.6936 1.06581e-14
v 0.154434 2.70717e-16 -1.27735
vt -38.4361 1.06581e-14
vn -0.793353 0 0.608761
vt -38.4361 37.0079
vt -38.6936 37.0079
f 1511/1515/91 1512/1516/107 1471/1517/107 1470/1518/91 

vt -33.8006 1.06581e-14
v 0.158746 2.70717e-16 -1.27243
vt -33.5431 1.06581e-14
vn -0.707107 0 0.707107
vt -33.5431 37.0079
vt -33.8006 37.0079
f 1512/1519/107 1513/1520/108 1472/1521/108 1471/1522/107 

vt -28.3315 1.06581e-14
v 0.163663 2.70717e-16 -1.26812
vt -28.074 1.06581e-14
vn -0.608761 0 0.793353
vt -28.074 37.0079
vt -28.3315 37.0079
f 1513/1523/108 1514/1524/109 1473/1525/109 1472/1526/108 

vt -22.3798 1.06581e-14
v 0.169101 2.70717e-16 -1.26448
vt -22.1223 1.06581e-14
vt -22.1223 37.0079
vt -22.3798 37.0079
f 1514/1527/109 1515/1528/92 1474/1529/92 1473/1530/109 

vt -16.0474 1.06581e-14
v 0.174967 2.70717e-16 -1.26159
vt -15.7899 1.06581e-14
vn -0.382683 0 0.92388
vt -15.7899 37.0079
vt -16.0474 37.0079
f 1515/1531/92 1516/1532/110 1475/1533/110 1474/1534/92 

vt -9.44267 1.06581e-14
v 0.18116 2.70717e-16 -1.25949
vt -9.18518 1.06581e-14
vn -0.258819 0 0.965926
vt -9.18518 37.0079
vt -9.44267 37.0079
f 1516/1535/110 1517/1536/111 1476/1537/111 1475/1538/110 

vt -2.67854 1.06581e-14
vt -2.42105 1.06581e-14
vt -2.42105 37.0079
vt -2.67854 37.0079
f 1517/1539/111 1462/1540/98 1463/1541/98 1476/1542/111 

usemtl FrontColor
v 0.194101 5.18874e-16 -3.41779
vt -7.64178 134.559
vn -8.65045e-16 -1 -8.4266e-17
v 0.194101 5.18874e-16 -3.46779
vt -7.64178 136.527
v 0.644101 0 -3.46779
vt -25.3583 136.527
v 0.644101 0 -2.78935
vt -25.3583 109.817
vt -25.3583 49.5191
v 0.194101 2.70717e-16 -1.30779
vt -7.64178 51.4876
vt -5.67328 51.4876
vt -5.67328 134.559
f 1518/1543/112 1519/1544/112 1520/1545/112 1521/1546/112 1457/1547/112 1456/1402/112 1522/1548/112 1491/1549/112 1488/1550/112 

vt -136.527 5.90551
vt -136.527 2.04281e-14
f 1487/1449/24 1486/1551/24 1519/1552/24 1518/1447/24 

v 0.163663 0.15 -3.45745
vt 6.44343 136.12
v 0.158746 0.15 -3.45314
vt 6.24984 135.95
v 0.154434 0.15 -3.44822
vt 6.08006 135.757
v 0.1508 0.15 -3.44279
vt 5.93701 135.543
v 0.147907 0.15 -3.43692
vt 5.82312 135.312
v 0.145805 0.15 -3.43073
vt 5.74035 135.068
v 0.144529 0.15 -3.42431
vt 5.69012 134.815
v 0.187575 0.15 -3.46736
vt 7.38484 136.51
v 0.18116 0.15 -3.46608
vt 7.1323 136.46
v 0.174967 0.15 -3.46398
vt 6.88847 136.377
v 0.169101 0.15 -3.46109
vt 6.65753 136.263
f 1523/1553/11 1524/1554/11 1525/1555/11 1526/1556/11 1527/1557/11 1528/1558/11 1529/1559/11 1484/1443/11 1487/1446/11 1486/1445/11 1530/1560/11 1531/1561/11 1532/1562/11 1533/1563/11 

vt 94.5947 5.90551
vn 0.608761 0 0.793353
vt 94.3372 5.90551
vn 0.707107 0 0.707107
v 0.158746 5.18874e-16 -3.45314
vt 94.3372 2.04281e-14
v 0.163663 5.18874e-16 -3.45745
vt 94.5947 2.04281e-14
f 1523/1564/113 1524/1565/114 1534/1566/114 1535/1567/113 

vt 106.334 5.90551
vt 106.076 5.90551
vn 0.793353 0 0.608761
v 0.154434 5.18874e-16 -3.44822
vt 106.076 2.04281e-14
vt 106.334 2.04281e-14
f 1524/1568/114 1525/1569/115 1536/1570/115 1534/1571/114 

vt 116.256 5.90551
vt 115.998 5.90551
v 0.1508 5.18874e-16 -3.44279
vt 115.998 2.04281e-14
vt 116.256 2.04281e-14
f 1525/1572/115 1526/1573/94 1537/1574/94 1536/1575/115 

vt 124.19 5.90551
vt 123.933 5.90551
vn 0.92388 0 0.382683
v 0.147907 5.18874e-16 -3.43692
vt 123.933 2.04281e-14
vt 124.19 2.04281e-14
f 1526/1576/94 1527/1577/116 1538/1578/116 1537/1579/94 

vt 130.003 5.90551
vt 129.745 5.90551
vn 0.965926 0 0.258819
v 0.145805 5.18874e-16 -3.43073
vt 129.745 2.04281e-14
vt 130.003 2.04281e-14
f 1527/1580/116 1528/1581/117 1539/1582/117 1538/1583/116 

vt 133.593 5.90551
vt 133.335 5.90551
vn 0.991445 0 0.130526
v 0.144529 5.18874e-16 -3.42431
vt 133.335 2.04281e-14
vt 133.593 2.04281e-14
f 1528/1584/117 1529/1585/118 1540/1586/118 1539/1587/117 

vt 134.899 5.90551
vt 134.641 5.90551
vn 0.997859 0 0.0654031
vt 134.641 2.04281e-14
vt 134.899 2.04281e-14
f 1529/1588/118 1484/1589/119 1488/1590/119 1540/1591/118 

vt -7.64178 5.90551
vt -7.64178 2.04281e-14
vt -5.67328 2.04281e-14
f 1484/1441/1 1487/1592/1 1518/1593/1 1488/1594/1 

v 0.187575 5.18874e-16 -3.46736
vt -7.38484 136.51
vt -5.69012 134.815
vt -5.74035 135.068
vt -5.82312 135.312
vt -5.93701 135.543
vt -6.08006 135.757
vt -6.24984 135.95
vt -6.44343 136.12
v 0.169101 5.18874e-16 -3.46109
vt -6.65753 136.263
v 0.174967 5.18874e-16 -3.46398
vt -6.88847 136.377
v 0.18116 5.18874e-16 -3.46608
vt -7.1323 136.46
f 1541/1595/3 1519/1544/3 1518/1543/3 1488/1550/3 1540/1596/3 1539/1597/3 1538/1598/3 1537/1599/3 1536/1600/3 1534/1601/3 1535/1602/3 1542/1603/3 1543/1604/3 1544/1605/3 

vt 16.5547 5.90551
vn 0.0654031 0 0.997859
vt 16.2972 5.90551
vn 0.130526 0 0.991445
vt 16.2972 2.04281e-14
vt 16.5547 2.04281e-14
f 1486/1606/120 1530/1607/121 1541/1608/121 1519/1609/120 

vt 33.8748 5.90551
vt 33.6173 5.90551
vn 0.258819 0 0.965926
vt 33.6173 2.04281e-14
vt 33.8748 2.04281e-14
f 1530/1610/121 1531/1611/122 1544/1612/122 1541/1613/121 

vt 50.6174 5.90551
vt 50.3599 5.90551
vn 0.382683 0 0.92388
vt 50.3599 2.04281e-14
vt 50.6174 2.04281e-14
f 1531/1614/122 1532/1615/123 1543/1616/123 1544/1617/122 

vt 66.4962 5.90551
vt 66.2387 5.90551
vt 66.2387 2.04281e-14
vt 66.4962 2.04281e-14
f 1532/1618/123 1533/1619/93 1542/1620/93 1543/1621/123 

vt 81.2394 5.90551
vt 80.9819 5.90551
vt 80.9819 2.04281e-14
vt 81.2394 2.04281e-14
f 1533/1622/93 1523/1623/113 1535/1624/113 1542/1625/93 

vt -25.3583 0
f 1486/1592/1 1485/1440/1 1520/1626/1 1519/1593/1 

vt 109.817 0
vt 136.527 0
vt 136.527 5.90551
vt 109.817 5.90551
f 1521/1627/85 1520/1628/85 1485/1629/85 1482/1630/85 

g Mesh18 Model

v 0.644101 0.89 -1.38759
v 0.644101 0.00331748 -1.38759
vt -25.3583 0.13061
v 0.254101 0.00331748 -1.38759
vt -10.004 0.13061
v 0.254101 0.913317 -1.38759
vt -10.004 35.9574
v 0.644101 0.913317 -1.38759
vt -25.3583 35.9574
f 1545/1439/1 1546/1631/1 1547/1632/1 1548/1633/1 1549/1634/1 

vt 25.3583 54.6294
v 0.644101 0.00331748 -1.82759
vt 25.3583 71.9523
v 0.254101 0.00331748 -1.83759
vt 10.004 72.346
vt 10.004 54.6294
f 1546/1635/11 1550/1636/11 1551/1637/11 1547/1638/11 

v 0.644101 0.913317 -1.82759
vt -23.5057 35.9574
vn 0.0256326 5.44293e-19 -0.999671
v 0.644101 0.89 -1.82759
vt -23.5057 35.0394
vt -23.5057 0.13061
vt -8.14629 0.13061
v 0.254101 0.913317 -1.83759
vt -8.14629 35.9574
f 1552/1639/124 1553/1640/124 1550/1641/124 1551/1642/124 1554/1643/124 

vt -71.9523 35.0394
vt -54.6294 35.0394
vt -54.6294 35.9574
vt -71.9523 35.9574
f 1553/1644/24 1545/1645/24 1549/1646/24 1552/1647/24 

vt -25.3583 71.9523
vt -25.3583 54.6294
vt -10.004 54.6294
vt -10.004 72.346
f 1552/1648/3 1549/1649/3 1548/1650/3 1554/1651/3 

g Mesh19 Model

v 0.184101 0.911308 -1.85542
vt 7.24808 35.8783
v 0.184101 0.506648 -1.85542
vt 7.24808 19.9468
v 0.644101 0.506648 -1.85542
vt 25.3583 19.9468
v 0.644101 0.89 -1.85542
v 0.644101 0.911308 -1.85542
f 1555/1652/4 1556/1653/4 1557/1654/4 1558/1386/4 1559/1493/4 

v 0.184101 0.911308 -2.17542
vt -85.6464 35.8783
v 0.184101 0.506648 -2.17542
vt -85.6464 19.9468
vt -73.048 19.9468
vt -73.048 35.8783
f 1560/1655/24 1561/1656/24 1556/1657/24 1555/1658/24 

v 0.644101 0.89 -2.17542
v 0.644101 0.506648 -2.17542
vt -25.3583 19.9468
vt -7.24808 19.9468
vt -7.24808 35.8783
v 0.644101 0.911308 -2.17542
vt -25.3583 35.8783
f 1562/1439/1 1563/1659/1 1561/1660/1 1560/1661/1 1564/1662/1 

v 0.184101 0.0113316 -2.17542
vt -7.24808 0.446125
v 0.644101 0.0113316 -2.17542
vt -25.3583 0.446125
f 1565/1663/1 1561/1660/1 1563/1659/1 1566/1664/1 

v 0.184101 0.0113316 -1.85542
vt -73.048 0.446125
vt -85.6464 0.446125
f 1567/1665/24 1556/1657/24 1561/1656/24 1565/1666/24 

v 0.644101 0.0113316 -1.85542
vt 25.3583 0.446125
vt 7.24808 0.446125
f 1568/1667/4 1557/1654/4 1556/1653/4 1567/1668/4 

vt -25.3583 85.6464
vt -25.3583 73.048
vt -7.24808 73.048
vt -7.24808 85.6464
f 1563/1669/3 1557/1670/3 1556/1671/3 1561/1672/3 

f 1568/1670/3 1567/1671/3 1565/1672/3 1566/1669/3 

vt 7.24808 73.048
vt 25.3583 73.048
vt 25.3583 85.6464
vt 7.24808 85.6464
f 1555/1673/11 1559/1674/11 1564/1675/11 1560/1676/11 

vt -85.6464 35.0394
vn -1 -3.38796e-14 -0
vt -73.048 35.0394
f 1562/1677/125 1558/1678/125 1559/1658/125 1564/1655/125 

g Mesh20 Model

v 0.851808 0 0.381036
vt -33.5358 -15.0014
v 0.601808 0 0.448023
vt -23.6932 -17.6387
v 0.351808 0 0.381036
vt -13.8507 -15.0014
v 0.168796 0 0.198023
vt -6.6455 -7.79618
v 0.101808 0 -0.0519771
vt -4.00821 2.04634
v 0.168796 0 -0.301977
vt -6.6455 11.8889
v 0.351808 0 -0.48499
vt -13.8507 19.0941
v 0.601808 0 -0.551977
vt -23.6932 21.7314
v 0.851808 0 -0.48499
vt -33.5358 19.0941
v 1.03482 0 -0.301977
vt -40.741 11.8889
v 1.10181 0 -0.0519771
vt -43.3783 2.04634
v 1.03482 0 0.198023
vt -40.741 -7.79618
f 1569/1679/3 1570/1680/3 1571/1681/3 1572/1682/3 1573/1683/3 1574/1684/3 1575/1685/3 1576/1686/3 1577/1687/3 1578/1688/3 1579/1689/3 1580/1690/3 

vt 18.3207 0
vt 28.5104 0
v 0.851808 4.4 0.381036
vt 28.5104 173.228
v 0.601808 4.4 0.448023
vt 18.3207 173.228
f 1570/1691/4 1569/1692/93 1581/1693/93 1582/1694/4 

vt 13.1058 0
vt 23.2955 0
v 1.03482 4.4 0.198023
vt 23.2955 173.228
vt 13.1058 173.228
f 1569/1695/93 1580/1696/94 1583/1697/94 1581/1698/93 

vt 3.01401 0
vt 13.2037 0
v 1.10181 4.4 -0.0519771
vt 13.2037 173.228
vt 3.01401 173.228
f 1580/1699/94 1579/1700/85 1584/1701/85 1583/1702/94 

vt -9.25051 0
vt 0.939214 0
v 1.03482 4.4 -0.301977
vt 0.939214 173.228
vt -9.25051 173.228
f 1579/1703/85 1578/1704/88 1585/1705/88 1584/1706/85 

vt -20.4015 0
vt -10.2118 0
v 0.851808 4.4 -0.48499
vt -10.2118 173.228
vt -20.4015 173.228
f 1578/1707/88 1577/1708/87 1586/1709/87 1585/1710/88 

vt -27.4511 0
vt -17.2614 0
v 0.601808 4.4 -0.551977
vt -17.2614 173.228
vt -27.4511 173.228
f 1577/1711/87 1576/1712/1 1587/1713/1 1586/1714/87 

vt -28.5104 0
vt -18.3207 0
v 0.351808 4.4 -0.48499
vt -18.3207 173.228
vt -28.5104 173.228
f 1576/1715/1 1575/1716/89 1588/1717/89 1587/1718/1 

vt -23.2955 0
vt -13.1058 0
v 0.168796 4.4 -0.301977
vt -13.1058 173.228
vt -23.2955 173.228
f 1575/1719/89 1574/1720/90 1589/1721/90 1588/1722/89 

vt -13.2037 0
vt -3.01401 0
v 0.101808 4.4 -0.0519771
vt -3.01401 173.228
vt -13.2037 173.228
f 1574/1723/90 1573/1724/24 1590/1725/24 1589/1726/90 

vt -0.939214 0
vt 9.25051 0
v 0.168796 4.4 0.198023
vt 9.25051 173.228
vt -0.939214 173.228
f 1573/1727/24 1572/1728/91 1591/1729/91 1590/1730/24 

vt 10.2118 0
vt 20.4015 0
v 0.351808 4.4 0.381036
vt 20.4015 173.228
vt 10.2118 173.228
f 1572/1731/91 1571/1732/92 1592/1733/92 1591/1734/91 

vt 17.2614 0
vt 27.4511 0
vt 27.4511 173.228
vt 17.2614 173.228
f 1571/1735/92 1570/1736/4 1582/1737/4 1592/1738/92 

vt 23.6932 -17.6387
vt 33.5358 -15.0014
vt 40.741 -7.79618
vt 43.3783 2.04634
vt 40.741 11.8889
vt 33.5358 19.0941
vt 23.6932 21.7314
vt 13.8507 19.0941
vt 6.6455 11.8889
vt 4.00821 2.04634
vt 6.6455 -7.79618
vt 13.8507 -15.0014
f 1582/1739/11 1581/1740/11 1583/1741/11 1584/1742/11 1585/1743/11 1586/1744/11 1587/1745/11 1588/1746/11 1589/1747/11 1590/1748/11 1591/1749/11 1592/1750/11 

g Mesh21 Model

v -1.39819 4.46 -6.70198
vt 55.0469 263.857
v 2.60181 4.46 -6.70198
vt -102.433 263.857
v 2.60181 4.46 4.27802
vt -102.433 -168.426
v -1.39819 4.46 4.27802
vt 55.0469 -168.426
f 1593/1751/3 1594/1752/3 1595/1753/3 1596/1754/3 

vt -102.433 175.591
vt 55.0469 175.591
v -1.39819 4.59 -6.70198
vt 55.0469 180.709
v 2.60181 4.59 -6.70198
vt -102.433 180.709
f 1594/1755/1 1593/1756/1 1597/1757/1 1598/1758/1 

vt -263.857 175.591
vt 168.426 175.591
v -1.39819 4.59 4.27802
vt 168.426 180.709
vt -263.857 180.709
f 1593/1759/24 1596/1760/24 1599/1761/24 1597/1762/24 

vt -55.0469 175.591
vt 102.433 175.591
v 2.60181 4.59 4.27802
vt 102.433 180.709
vt -55.0469 180.709
f 1596/1763/4 1595/1764/4 1600/1765/4 1599/1766/4 

vt -168.426 175.591
vt 263.857 175.591
vt 263.857 180.709
vt -168.426 180.709
f 1595/1767/85 1594/1768/85 1598/1769/85 1600/1770/85 

vt 102.433 263.857
vt -55.0469 263.857
vt -55.0469 -168.426
vt 102.433 -168.426
f 1598/1771/11 1597/1772/11 1599/1773/11 1600/1774/11 

g Mesh22 Model

v 0.782104 0.117321 2.23108
vt 87.8379 4.61893
v 0.782104 0.117321 1.35023
vt 53.1586 4.61893
v 0.782104 0.39074 1.35023
vt 53.1586 15.3835
v 0.782104 0.39074 1.34892
vt 53.107 15.3835
v 0.782104 0.397093 1.34892
vt 53.107 15.6336
v 0.782104 0.397093 1.34
vt 52.7559 15.6336
v 0.782104 0.107093 1.34
vt 52.7559 4.21628
v 0.782104 0.107093 2.24
vt 88.189 4.21628
v 0.782104 0.397093 2.24
vt 88.189 15.6336
v 0.782104 0.397093 2.23108
vt 87.8379 15.6336
f 1601/1775/24 1602/1776/24 1603/1777/24 1604/1778/24 1605/1779/24 1606/1780/24 1607/1781/24 1608/1782/24 1609/1783/24 1610/1784/24 

v 0.782104 0.397093 1.35023
vt 53.1586 15.6336
f 1611/1785/24 1605/1779/24 1604/1778/24 1603/1777/24 

v 0.782104 0.69074 1.34892
vt 53.107 27.1945
v 0.782104 0.69074 1.37277
vt 54.046 27.1945
v 0.782104 0.69074 2.21277
vt 87.1168 27.1945
v 0.782104 0.69074 2.23108
vt 87.8379 27.1945
v 0.782104 0.699658 2.24
vt 88.189 27.5456
v 0.782104 0.699658 1.34
vt 52.7559 27.5456
f 1606/1780/24 1605/1779/24 1612/1786/24 1613/1787/24 1614/1788/24 1615/1789/24 1610/1784/24 1609/1783/24 1616/1790/24 1617/1791/24 

vt -30.7915 27.5456
vt -30.7915 15.6336
v 0.182104 0.397093 2.24
vt -7.16943 15.6336
v 0.182104 1 2.24
vt -7.16943 39.3701
v 0.232104 1 2.24
vt -9.13793 39.3701
v 0.232104 0.85 2.24
vt -9.13793 33.4646
v 0.782104 0.85 2.24
vt -30.7915 33.4646
f 1616/1792/1 1609/1793/1 1618/1794/1 1619/1795/1 1620/1796/1 1621/1797/1 1622/1798/1 

v 0.771881 1 2.31765
vt -86.4987 39.3701
vn 0.965926 -1.79552e-19 0.258819
v 0.771881 0.1 2.31765
vt -86.4987 3.93701
v 0.782104 0.1 2.24
vt -83.4154 3.93701
vn 0.991445 -3.56032e-19 0.130526
vt -83.4154 4.21628
vt -83.4154 15.6336
vt -83.4154 27.5456
vt -83.4154 33.4646
v 0.782104 1 2.24
vt -83.4154 39.3701
f 1623/1799/126 1624/1800/126 1625/1801/127 1608/1802/127 1609/1803/127 1616/1804/127 1622/1805/127 1626/1806/127 

v 0.741911 1 2.39
vt -75.7541 39.3701
v 0.741911 0.1 2.39
vt -75.7541 3.93701
vt -72.6708 3.93701
vt -72.6708 39.3701
f 1627/1807/94 1628/1808/94 1624/1809/126 1623/1810/126 

v 0.694236 1 2.45213
vt -59.9521 39.3701
v 0.694236 0.1 2.45213
vt -59.9521 3.93701
vt -56.8688 3.93701
vt -56.8688 39.3701
f 1629/1811/114 1630/1812/114 1628/1813/94 1627/1814/94 

v 0.632104 1 2.49981
vt -40.1695 39.3701
v 0.632104 0.1 2.49981
vt -40.1695 3.93701
vt -37.0862 3.93701
vt -37.0862 39.3701
f 1631/1815/93 1632/1816/93 1630/1817/114 1629/1818/114 

v 0.559749 1 2.52978
vt -17.7545 39.3701
v 0.559749 0.1 2.52978
vt -17.7545 3.93701
vt -14.6712 3.93701
vt -14.6712 39.3701
f 1633/1819/122 1634/1820/122 1632/1821/93 1631/1822/93 

v 0.482104 1 2.54
vt 5.76545 39.3701
vn -6.01894e-16 0 1
v 0.482104 0.1 2.54
vt 5.76545 3.93701
vt 8.84875 3.93701
vt 8.84875 39.3701
f 1635/1823/128 1636/1824/128 1634/1825/122 1633/1826/122 

v 0.404458 1 2.52978
vt 28.7874 39.3701
v 0.404458 0.1 2.52978
vt 28.7874 3.93701
vt 31.8707 3.93701
vt 31.8707 39.3701
f 1637/1827/111 1638/1828/111 1636/1829/128 1635/1830/128 

v 0.332104 1 2.49981
vt 49.7425 39.3701
v 0.332104 0.1 2.49981
vt 49.7425 3.93701
vt 52.8258 3.93701
vt 52.8258 39.3701
f 1639/1831/92 1640/1832/92 1638/1833/111 1637/1834/111 

v 0.269972 1 2.45213
vt 67.2026 39.3701
v 0.269972 0.1 2.45213
vt 67.2026 3.93701
vt 70.2859 3.93701
vt 70.2859 39.3701
f 1641/1835/108 1642/1836/108 1640/1837/92 1639/1838/92 

v 0.222296 1 2.39
vt 79.9779 39.3701
v 0.222296 0.1 2.39
vt 79.9779 3.93701
vt 83.0612 3.93701
vt 83.0612 39.3701
f 1643/1839/91 1644/1840/91 1642/1841/108 1641/1842/108 

v 0.192326 1 2.31765
vt 87.1978 39.3701
vn -0.965926 -6.18951e-20 0.258819
v 0.192326 0.1 2.31765
vt 87.1978 3.93701
vt 90.2811 3.93701
vt 90.2811 39.3701
f 1645/1843/129 1646/1844/129 1644/1845/91 1643/1846/91 

vt 88.3703 39.3701
vn -0.991445 -1.22731e-19 0.130526
vt 88.3703 15.6336
v 0.182104 0.1 2.24
vt 88.3703 3.93701
vt 91.4536 3.93701
vt 91.4536 39.3701
f 1619/1847/130 1618/1848/130 1647/1849/130 1646/1850/129 1645/1851/129 

vt -88.189 3.93701
v 0.182104 0.1 1.34
vt -52.7559 3.93701
v 0.182104 0.397093 1.34
vt -52.7559 15.6336
v 0.182104 1 1.34
vt -52.7559 39.3701
vt -88.189 39.3701
vt -88.189 15.6336
f 1647/1852/85 1648/1853/85 1649/1854/85 1650/1855/85 1619/1856/85 1618/1857/85 

vt -51.3688 39.3701
vn 0.991445 7.36387e-19 0.130526
vt -51.3688 15.6336
vt -51.3688 3.93701
v 0.192326 0.1 1.26235
vt -48.2855 3.93701
vn 0.965926 3.7137e-19 0.258819
v 0.192326 1 1.26235
vt -48.2855 39.3701
f 1650/1858/131 1649/1859/131 1648/1860/131 1651/1861/132 1652/1862/132 

v 0.232104 1 1.34
v 0.232104 0.85 1.34
v 0.782104 0.85 1.34
f 1617/1792/1 1606/1793/1 1649/1794/1 1650/1795/1 1653/1796/1 1654/1797/1 1655/1798/1 

v 0.771881 1 1.26235
vt 53.2404 39.3701
vn -0.965926 3.59104e-20 0.258819
v 0.771881 0.1 1.26235
vt 53.2404 3.93701
v 0.782104 0.1 1.34
vt 56.3237 3.93701
vn -0.991445 7.12063e-20 0.130526
vt 56.3237 4.21628
vt 56.3237 15.6336
vt 56.3237 27.5456
vt 56.3237 33.4646
v 0.782104 1 1.34
vt 56.3237 39.3701
f 1656/1863/133 1657/1864/133 1658/1865/134 1607/1866/134 1606/1867/134 1617/1868/134 1655/1869/134 1659/1870/134 

v 0.741911 1 1.19
vt 54.462 39.3701
v 0.741911 0.1 1.19
vt 54.462 3.93701
vt 57.5453 3.93701
vt 57.5453 39.3701
f 1660/1871/91 1661/1872/91 1657/1873/133 1656/1874/133 

v 0.694236 1 1.12787
vt 51.867 39.3701
v 0.694236 0.1 1.12787
vt 51.867 3.93701
vt 54.9503 3.93701
vt 54.9503 39.3701
f 1662/1875/108 1663/1876/108 1661/1877/91 1660/1878/91 

v 0.632104 1 1.08019
vt 45.6323 39.3701
v 0.632104 0.1 1.08019
vt 45.6323 3.93701
vt 48.7156 3.93701
vt 48.7156 39.3701
f 1664/1879/92 1665/1880/92 1663/1881/108 1662/1882/108 

v 0.559749 1 1.05022
vt 36.1828 39.3701
v 0.559749 0.1 1.05022
vt 36.1828 3.93701
vt 39.2661 3.93701
vt 39.2661 39.3701
f 1666/1883/111 1667/1884/111 1665/1885/92 1664/1886/92 

v 0.482104 1 1.04
vt 24.1625 39.3701
vn 6.01894e-16 0 1
v 0.482104 0.1 1.04
vt 24.1625 3.93701
vt 27.2457 3.93701
vt 27.2457 39.3701
f 1668/1887/135 1669/1888/135 1667/1889/111 1666/1890/111 

v 0.404458 1 1.05022
vt 10.3904 39.3701
v 0.404458 0.1 1.05022
vt 10.3904 3.93701
vt 13.4737 3.93701
vt 13.4737 39.3701
f 1670/1891/122 1671/1892/122 1669/1893/135 1668/1894/135 

v 0.332104 1 1.08019
vt -4.19481 39.3701
v 0.332104 0.1 1.08019
vt -4.19481 3.93701
vt -1.11151 3.93701
vt -1.11151 39.3701
f 1672/1895/93 1673/1896/93 1671/1897/122 1670/1898/122 

v 0.269972 1 1.12787
vt -18.5992 39.3701
v 0.269972 0.1 1.12787
vt -18.5992 3.93701
vt -15.5159 3.93701
vt -15.5159 39.3701
f 1674/1899/114 1675/1900/114 1673/1901/93 1672/1902/93 

v 0.222296 1 1.19
vt -31.8412 39.3701
v 0.222296 0.1 1.19
vt -31.8412 3.93701
vt -28.7579 3.93701
vt -28.7579 39.3701
f 1676/1903/94 1677/1904/94 1675/1905/114 1674/1906/114 

vt -43.0182 39.3701
vt -43.0182 3.93701
vt -39.9349 3.93701
vt -39.9349 39.3701
f 1652/1907/132 1651/1908/132 1677/1909/94 1676/1910/94 

vt -30.7915 -52.7559
vt -7.16943 -52.7559
vt -7.57188 -49.699
vt -8.75181 -46.8504
vt -10.6288 -44.4043
vt -13.0749 -42.5273
vt -15.9235 -41.3473
vt -18.9805 -40.9449
vt -22.0374 -41.3473
vt -24.886 -42.5273
vt -27.3321 -44.4043
vt -29.2091 -46.8504
vt -30.389 -49.699
f 1658/1911/3 1648/1912/3 1651/1913/3 1677/1914/3 1675/1915/3 1673/1916/3 1671/1917/3 1669/1918/3 1667/1919/3 1665/1920/3 1663/1921/3 1661/1922/3 1657/1923/3 

vt -7.16943 3.93701
vt -30.7915 4.21628
vt -30.7915 3.93701
f 1648/1924/1 1649/1794/1 1606/1793/1 1607/1925/1 1658/1926/1 

vn -1.027e-16 -1 3.22721e-16
vt -9.13793 -52.7559
f 1656/1923/136 1659/1911/136 1653/1927/136 1650/1912/136 1652/1913/136 1676/1914/136 1674/1915/136 1672/1916/136 1670/1917/136 1668/1918/136 1666/1919/136 1664/1920/136 1662/1921/136 1660/1922/136 

vt -30.7915 39.3701
f 1653/1796/1 1659/1928/1 1655/1798/1 1654/1797/1 

vt -30.7915 -88.189
vn -3.28142e-16 -1 2.00531e-16
vt -9.13793 -88.189
f 1622/1929/137 1621/1930/137 1654/1927/137 1655/1911/137 

f 1620/1796/1 1626/1928/1 1622/1798/1 1621/1797/1 

vt 30.389 -91.2459
vt 30.7915 -88.189
vt 9.13793 -88.189
vt 7.16943 -88.189
vt 7.57188 -91.2459
vt 8.75181 -94.0945
vt 10.6288 -96.5406
vt 13.0749 -98.4176
vt 15.9235 -99.5975
vt 18.9805 -100
vt 22.0374 -99.5975
vt 24.886 -98.4176
vt 27.3321 -96.5406
vt 29.2091 -94.0945
f 1623/1931/11 1626/1932/11 1620/1933/11 1619/1934/11 1645/1935/11 1643/1936/11 1641/1937/11 1639/1938/11 1637/1939/11 1635/1940/11 1633/1941/11 1631/1942/11 1629/1943/11 1627/1944/11 

vn 3.60956e-15 -1 2.00531e-16
vt -7.16943 -88.189
f 1650/1912/138 1653/1927/138 1620/1930/138 1619/1945/138 

vt 88.189 39.3701
vt 52.7559 39.3701
vt 52.7559 33.4646
vt 88.189 33.4646
f 1620/1946/24 1653/1947/24 1654/1948/24 1621/1949/24 

f 1647/1924/1 1618/1794/1 1609/1793/1 1608/1925/1 1625/1926/1 

vt -7.57188 -91.2459
f 1625/1929/3 1646/1950/3 1647/1945/3

vt -8.75181 -94.0945
f 1646/1950/3 1625/1929/3 1644/1951/3

v 0.456566 0.1 2.35312
vt -17.975 -92.6427
f 1644/1951/3 1625/1929/3 1678/1952/3

v 0.526566 0.1 2.35312
vt -20.731 -92.6427
f 1678/1952/3 1625/1929/3 1679/1953/3

v 0.526566 0.1 2.39312
vt -20.731 -94.2175
f 1679/1953/3 1625/1929/3 1680/1954/3

vt -22.0374 -99.5975
f 1680/1954/3 1625/1929/3 1634/1955/3

vt -24.886 -98.4176
f 1634/1955/3 1625/1929/3 1632/1956/3

vt -27.3321 -96.5406
f 1632/1956/3 1625/1929/3 1630/1957/3

vt -29.2091 -94.0945
f 1630/1957/3 1625/1929/3 1628/1958/3

vt -30.389 -91.2459
f 1628/1958/3 1625/1929/3 1624/1959/3

vt -18.9805 -100
f 1636/1960/3 1680/1954/3 1634/1955/3

v 0.456566 0.1 2.39312
vt -17.975 -94.2175
f 1636/1960/3 1681/1961/3 1680/1954/3

vt -15.9235 -99.5975
f 1638/1962/3 1681/1961/3 1636/1960/3

f 1681/1961/3 1638/1962/3 1678/1952/3

vt -13.0749 -98.4176
f 1640/1963/3 1678/1952/3 1638/1962/3

vt -10.6288 -96.5406
f 1642/1964/3 1678/1952/3 1640/1963/3

f 1644/1951/3 1678/1952/3 1642/1964/3

vt 94.2175 3.93701
vt 92.6427 3.93701
v 0.456566 0 2.35312
vt 92.6427 0
v 0.456566 0 2.39312
vt 94.2175 0
f 1681/1965/24 1678/1966/24 1682/1967/24 1683/1968/24 

vt -17.975 3.93701
vt -20.731 3.93701
v 0.526566 0 2.35312
vt -20.731 0
vt -17.975 0
f 1678/1969/1 1679/1970/1 1684/1971/1 1682/1972/1 

vt -92.6427 3.93701
vt -94.2175 3.93701
v 0.526566 0 2.39312
vt -94.2175 0
vt -92.6427 0
f 1679/1973/85 1680/1974/85 1685/1975/85 1684/1976/85 

vt 20.731 3.93701
vt 17.975 3.93701
vt 17.975 0
vt 20.731 0
f 1680/1977/4 1681/1978/4 1683/1979/4 1685/1980/4 

f 1684/1953/3 1685/1954/3 1683/1961/3 1682/1952/3 

